__ct__Q29GameAudio17CharacterSoundMgrFP3VecP7JKRHeapUc7ECharID,CharacterSoundMgr.o,InagakiM.a,false
__dt__Q29GameAudio17CharacterSoundMgrFv,CharacterSoundMgr.o,InagakiM.a,false
init__Q29GameAudio17CharacterSoundMgrFv,CharacterSoundMgr.o,InagakiM.a,false
loop__Q29GameAudio17CharacterSoundMgrFv,CharacterSoundMgr.o,InagakiM.a,false
frameWork__Q29GameAudio17CharacterSoundMgrFff,CharacterSoundMgr.o,InagakiM.a,false
setVoice__Q29GameAudio17CharacterSoundMgrFUc,CharacterSoundMgr.o,InagakiM.a,false
setSe__Q29GameAudio17CharacterSoundMgrFUl,CharacterSoundMgr.o,InagakiM.a,false
isSpeak__Q29GameAudio17CharacterSoundMgrFv,CharacterSoundMgr.o,InagakiM.a,false
setVoicePitch__Q29GameAudio17CharacterSoundMgrFb,CharacterSoundMgr.o,InagakiM.a,false
getKartSound__Q29GameAudio17CharacterSoundMgrFv,CharacterSoundMgr.o,InagakiM.a,false
checkEcho__Q29GameAudio17CharacterSoundMgrFv,CharacterSoundMgr.o,InagakiM.a,false
__ct__Q29GameAudio27CustomAnimationSoundStarterFv,CharacterSoundMgr.o,InagakiM.a,false
startSound__Q29GameAudio27CustomAnimationSoundStarterF10JAISoundIDP14JAISoundHandlePCQ29JGeometry8TVec3<f>,CharacterSoundMgr.o,InagakiM.a,false
__ct__Q29GameAudio14CustomAnimatorFP15JAISoundHandles,CharacterSoundMgr.o,InagakiM.a,false
getFreeHandle__Q29GameAudio14CustomAnimatorFPC22JAUSoundAnimationSound,CharacterSoundMgr.o,InagakiM.a,false
modifySoundParams__Q29GameAudio14CustomAnimatorFP14JASSoundParamsPC22JAUSoundAnimationSoundf,CharacterSoundMgr.o,InagakiM.a,false
__dt__Q29GameAudio27CustomAnimationSoundStarterFv,CharacterSoundMgr.o,InagakiM.a,false
__ct__Q29GameAudio41SoundMgr<Q29GameAudio17CharacterSoundMgr>FP3VecP7JKRHeapUc,CharacterSoundMgr.o,InagakiM.a,false
__dt__Q29GameAudio41SoundMgr<Q29GameAudio17CharacterSoundMgr>Fv,CharacterSoundMgr.o,InagakiM.a,false
startSoundCustom__Q29GameAudio41SoundMgr<Q29GameAudio17CharacterSoundMgr>FUlUl,CharacterSoundMgr.o,InagakiM.a,false
setEcho__Q29GameAudio41SoundMgr<Q29GameAudio17CharacterSoundMgr>FP14JAISoundHandlef,CharacterSoundMgr.o,InagakiM.a,false
init__Q29GameAudio41SoundMgr<Q29GameAudio17CharacterSoundMgr>Fv,CharacterSoundMgr.o,InagakiM.a,false
setSe__Q29GameAudio41SoundMgr<Q29GameAudio17CharacterSoundMgr>FUl,CharacterSoundMgr.o,InagakiM.a,false
loop__Q29GameAudio41SoundMgr<Q29GameAudio17CharacterSoundMgr>Fv,CharacterSoundMgr.o,InagakiM.a,false
__sinit_CharacterSoundMgr_cpp,CharacterSoundMgr.o,InagakiM.a,false
@48@__dt__Q29GameAudio41SoundMgr<Q29GameAudio17CharacterSoundMgr>Fv,CharacterSoundMgr.o,InagakiM.a,false
@48@__dt__Q29GameAudio17CharacterSoundMgrFv,CharacterSoundMgr.o,InagakiM.a,false
__ct__Q29GameAudio9CameraMgrFUlPQ29GameAudio17CustomAudience<4>,GameAudioCamera.o,InagakiM.a,false
__ct__Q29GameAudio10CameraInfoFv,GameAudioCamera.o,InagakiM.a,false
setCameraInfo__Q29GameAudio9CameraMgrFUl3VecPA4_fP7CrsArea,GameAudioCamera.o,InagakiM.a,false
setAudienceMtx__98JAUAudience_<4&#44;20JAUDopplerAudible<4>&#44;23JAUDopplerAudienceState&#44;31JAUAudience_withSetting_doppler>FPA4_fib,GameAudioCamera.o,InagakiM.a,false
setMtx__23JAUDopplerAudienceStateFPA4_Cf,GameAudioCamera.o,InagakiM.a,false
setSceneMax__Q29GameAudio9CameraMgrFUl,GameAudioCamera.o,InagakiM.a,false
__sinit_GameAudioCamera_cpp,GameAudioCamera.o,InagakiM.a,false
panDeform__Q29GameAudio6CommonFff,GameAudioCommon.o,InagakiM.a,false
setMultiPlayModePan__Q29GameAudio6CommonFUc,GameAudioCommon.o,InagakiM.a,false
changeRandomId__Q29GameAudio6CommonFUlUl,GameAudioCommon.o,InagakiM.a,false
setSeed__Q29GameAudio6RandomFUl,GameAudioCommon.o,InagakiM.a,false
getRandomU32__Q29GameAudio6RandomFv,GameAudioCommon.o,InagakiM.a,false
getSignalEngineRandomU32__Q29GameAudio6RandomFv,GameAudioCommon.o,InagakiM.a,false
__sinit_GameAudioCommon_cpp,GameAudioCommon.o,InagakiM.a,false
__ct__7KartPadFv,GameAudioHostIO.o,InagakiM.a,false
__sinit_GameAudioHostIO_cpp,GameAudioHostIO.o,InagakiM.a,false
newMemPool__98JAUAudience_<4&#44;20JAUDopplerAudible<4>&#44;23JAUDopplerAudienceState&#44;31JAUAudience_withSetting_doppler>Fi,GameAudioMain.o,InagakiM.a,false
init__Q29GameAudio4MainFP12JKRSolidHeapUlPvPvUl,GameAudioMain.o,InagakiM.a,false
__dt__24JAUStreamAramMgrBase_<1>Fv,GameAudioMain.o,InagakiM.a,false
__ct__Q29GameAudio17CustomAudience<4>Fv,GameAudioMain.o,InagakiM.a,false
bootDSP__Q29GameAudio4MainFv,GameAudioMain.o,InagakiM.a,false
isActive__Q29GameAudio4MainFv,GameAudioMain.o,InagakiM.a,false
initRaceSound__Q29GameAudio4MainFv,GameAudioMain.o,InagakiM.a,false
frameWork__Q29GameAudio4MainFv,GameAudioMain.o,InagakiM.a,false
changeSection__Q29GameAudio4MainFUl,GameAudioMain.o,InagakiM.a,false
checkSection__Q29GameAudio4MainFv,GameAudioMain.o,InagakiM.a,false
isWaveLoaded__Q29GameAudio4MainFQ39GameAudio4Main5WS_ID,GameAudioMain.o,InagakiM.a,false
checkCourceOnRace__Q29GameAudio4MainFv,GameAudioMain.o,InagakiM.a,false
setPause__Q29GameAudio4MainFQ39GameAudio4Main12PAUSE_STATUS,GameAudioMain.o,InagakiM.a,false
startSequenceBgm__Q29GameAudio4MainFUl,GameAudioMain.o,InagakiM.a,false
stopSequenceBgm__Q29GameAudio4MainFUl,GameAudioMain.o,InagakiM.a,false
getPlayingSequenceID__Q29GameAudio4MainFv,GameAudioMain.o,InagakiM.a,false
prepareStreamBgm__Q29GameAudio4MainFUl,GameAudioMain.o,InagakiM.a,false
startStreamBgm__Q29GameAudio4MainFUl,GameAudioMain.o,InagakiM.a,false
stopStreamBgm__Q29GameAudio4MainFUl,GameAudioMain.o,InagakiM.a,false
getPlayingStreamID__Q29GameAudio4MainFv,GameAudioMain.o,InagakiM.a,false
setInvincibleBgm__Q29GameAudio4MainFUcUc,GameAudioMain.o,InagakiM.a,false
clearInvincibleBgm__Q29GameAudio4MainFUcUc,GameAudioMain.o,InagakiM.a,false
startInvincibleBgm__Q29GameAudio4MainFUcb,GameAudioMain.o,InagakiM.a,false
checkBgm__Q29GameAudio4MainFv,GameAudioMain.o,InagakiM.a,false
startSystemSe__Q29GameAudio4MainFUl,GameAudioMain.o,InagakiM.a,false
stopSystemSe__Q29GameAudio4MainFUl,GameAudioMain.o,InagakiM.a,false
startRaceSystemSe__Q29GameAudio4MainFUl,GameAudioMain.o,InagakiM.a,false
startKartSystemSe__Q29GameAudio4MainFUcUl,GameAudioMain.o,InagakiM.a,false
checkThunderMode__Q29GameAudio4MainFv,GameAudioMain.o,InagakiM.a,false
setThunderMode__Q29GameAudio4MainFUc,GameAudioMain.o,InagakiM.a,false
clearThunderMode__Q29GameAudio4MainFUc,GameAudioMain.o,InagakiM.a,false
startBombPointSe__Q29GameAudio4MainFUcUc,GameAudioMain.o,InagakiM.a,false
startBombReachSe__Q29GameAudio4MainFUcUc,GameAudioMain.o,InagakiM.a,false
setMasterVolume__Q29GameAudio4MainFSc,GameAudioMain.o,InagakiM.a,false
getMasterVolumeValue__Q29GameAudio4MainFv,GameAudioMain.o,InagakiM.a,false
setBgmVolume__Q29GameAudio4MainFf,GameAudioMain.o,InagakiM.a,false
updateBgmVolume__Q29GameAudio4MainFUl,GameAudioMain.o,InagakiM.a,false
fadeOutAll__Q29GameAudio4MainFUl,GameAudioMain.o,InagakiM.a,false
setRaceSeVolume__Q29GameAudio4MainFfUl,GameAudioMain.o,InagakiM.a,false
setOutputMode__Q29GameAudio4MainFUl,GameAudioMain.o,InagakiM.a,false
resetAudio__Q29GameAudio4MainFUl,GameAudioMain.o,InagakiM.a,false
resumeAudio__Q29GameAudio4MainFv,GameAudioMain.o,InagakiM.a,false
checkResetInner__Q29GameAudio4MainFv,GameAudioMain.o,InagakiM.a,false
setGoalProcess__Q29GameAudio4MainFv,GameAudioMain.o,InagakiM.a,false
processSeqCallback__Q29GameAudio4MainFP8JASTrackUs,GameAudioMain.o,InagakiM.a,false
__dt__Q29GameAudio17CustomAudience<4>Fv,GameAudioMain.o,InagakiM.a,false
__dt__26JAUStreamStaticAramMgr_<1>Fv,GameAudioMain.o,InagakiM.a,false
frameWorkAll__Q29GameAudio37SoundMgr<Q29GameAudio13ShoreSoundMgr>Fv,GameAudioMain.o,InagakiM.a,false
loop__Q29GameAudio37SoundMgr<Q29GameAudio13ShoreSoundMgr>Fv,GameAudioMain.o,InagakiM.a,false
frameWorkAll__Q29GameAudio38SoundMgr<Q29GameAudio14NpcCarSoundMgr>Fv,GameAudioMain.o,InagakiM.a,false
loop__Q29GameAudio38SoundMgr<Q29GameAudio14NpcCarSoundMgr>Fv,GameAudioMain.o,InagakiM.a,false
frameWorkAll__Q29GameAudio36SoundMgr<Q29GameAudio12RockSoundMgr>Fv,GameAudioMain.o,InagakiM.a,false
loop__Q29GameAudio36SoundMgr<Q29GameAudio12RockSoundMgr>Fv,GameAudioMain.o,InagakiM.a,false
frameWorkAll__Q29GameAudio38SoundMgr<Q29GameAudio14ObjectSoundMgr>Fv,GameAudioMain.o,InagakiM.a,false
loop__Q29GameAudio38SoundMgr<Q29GameAudio14ObjectSoundMgr>Fv,GameAudioMain.o,InagakiM.a,false
frameWorkAll__Q29GameAudio41SoundMgr<Q29GameAudio17CharacterSoundMgr>Fv,GameAudioMain.o,InagakiM.a,false
pauseAll__Q29GameAudio41SoundMgr<Q29GameAudio17CharacterSoundMgr>Fb,GameAudioMain.o,InagakiM.a,false
stopAll__Q29GameAudio41SoundMgr<Q29GameAudio17CharacterSoundMgr>Fv,GameAudioMain.o,InagakiM.a,false
frameWorkAll__Q29GameAudio36SoundMgr<Q29GameAudio12KartSoundMgr>Fv,GameAudioMain.o,InagakiM.a,false
pauseAll__Q29GameAudio36SoundMgr<Q29GameAudio12KartSoundMgr>Fb,GameAudioMain.o,InagakiM.a,false
stopAll__Q29GameAudio36SoundMgr<Q29GameAudio12KartSoundMgr>Fv,GameAudioMain.o,InagakiM.a,false
loop__Q29GameAudio36SoundMgr<Q29GameAudio12KartSoundMgr>Fv,GameAudioMain.o,InagakiM.a,false
calcPriority__Q29GameAudio17CustomAudience<4>FP10JAIAudible,GameAudioMain.o,InagakiM.a,false
newAudible__Q29GameAudio17CustomAudience<4>FRCQ29JGeometry8TVec3<f>10JAISoundIDPCQ29JGeometry8TVec3<f>Ul,GameAudioMain.o,InagakiM.a,false
mixChannelOut__Q29GameAudio17CustomAudience<4>FRC14JASSoundParamsP10JAIAudiblei,GameAudioMain.o,InagakiM.a,false
initAll__Q29GameAudio36SoundMgr<Q29GameAudio12KartSoundMgr>Fv,GameAudioMain.o,InagakiM.a,false
init__Q29GameAudio36SoundMgr<Q29GameAudio12KartSoundMgr>Fv,GameAudioMain.o,InagakiM.a,false
initAll__Q29GameAudio41SoundMgr<Q29GameAudio17CharacterSoundMgr>Fv,GameAudioMain.o,InagakiM.a,false
initAll__Q29GameAudio38SoundMgr<Q29GameAudio14ObjectSoundMgr>Fv,GameAudioMain.o,InagakiM.a,false
init__Q29GameAudio38SoundMgr<Q29GameAudio14ObjectSoundMgr>Fv,GameAudioMain.o,InagakiM.a,false
initAll__Q29GameAudio36SoundMgr<Q29GameAudio12RockSoundMgr>Fv,GameAudioMain.o,InagakiM.a,false
init__Q29GameAudio36SoundMgr<Q29GameAudio12RockSoundMgr>Fv,GameAudioMain.o,InagakiM.a,false
initAll__Q29GameAudio38SoundMgr<Q29GameAudio14NpcCarSoundMgr>Fv,GameAudioMain.o,InagakiM.a,false
init__Q29GameAudio38SoundMgr<Q29GameAudio14NpcCarSoundMgr>Fv,GameAudioMain.o,InagakiM.a,false
initAll__Q29GameAudio37SoundMgr<Q29GameAudio13ShoreSoundMgr>Fv,GameAudioMain.o,InagakiM.a,false
init__Q29GameAudio37SoundMgr<Q29GameAudio13ShoreSoundMgr>Fv,GameAudioMain.o,InagakiM.a,false
initAll__Q29GameAudio38SoundMgr<Q29GameAudio14CircleSoundMgr>Fv,GameAudioMain.o,InagakiM.a,false
init__Q29GameAudio38SoundMgr<Q29GameAudio14CircleSoundMgr>Fv,GameAudioMain.o,InagakiM.a,false
initAll__Q29GameAudio39SoundMgr<Q29GameAudio15CoasterSoundMgr>Fv,GameAudioMain.o,InagakiM.a,false
init__Q29GameAudio39SoundMgr<Q29GameAudio15CoasterSoundMgr>Fv,GameAudioMain.o,InagakiM.a,false
initAll__Q29GameAudio41SoundMgr<Q29GameAudio17MapSoundObjectMgr>Fv,GameAudioMain.o,InagakiM.a,false
init__Q29GameAudio41SoundMgr<Q29GameAudio17MapSoundObjectMgr>Fv,GameAudioMain.o,InagakiM.a,false
deleteStreamAram__26JAUStreamStaticAramMgr_<1>FUl,GameAudioMain.o,InagakiM.a,false
newStreamAram__26JAUStreamStaticAramMgr_<1>FPUl,GameAudioMain.o,InagakiM.a,false
__sinit_GameAudioMain_cpp,GameAudioMain.o,InagakiM.a,false
__dt__Q29GameAudio4MainFv,GameAudioMain.o,InagakiM.a,false
__ct__Q29GameAudio9CustomMgrFv,GameAudioMgr.o,InagakiM.a,false
startSound__Q29GameAudio9CustomMgrF10JAISoundIDP14JAISoundHandlePCQ29JGeometry8TVec3<f>,GameAudioMgr.o,InagakiM.a,false
__dt__Q29GameAudio9CustomMgrFv,GameAudioMgr.o,InagakiM.a,false
__sinit_GameAudioMgr_cpp,GameAudioMgr.o,InagakiM.a,false
setPlayerMode__Q29GameAudio10ParametersFUc,GameAudioParam.o,InagakiM.a,false
setRaceMode__Q29GameAudio10ParametersFUc,GameAudioParam.o,InagakiM.a,false
setDemoMode__Q29GameAudio10ParametersFUc,GameAudioParam.o,InagakiM.a,false
setKillSwAllObject__Q29GameAudio10ParametersFb,GameAudioParam.o,InagakiM.a,false
setRaceCourse__Q29GameAudio10ParametersF9ECourseID,GameAudioParam.o,InagakiM.a,false
setKartType__Q29GameAudio10ParametersFUc11EKartWeight,GameAudioParam.o,InagakiM.a,false
setNetworkMode__Q29GameAudio10ParametersFUcUc,GameAudioParam.o,InagakiM.a,false
setChrType__Q29GameAudio10ParametersFUc7EKartID,GameAudioParam.o,InagakiM.a,false
setChibiFlag__Q29GameAudio10ParametersFUcb,GameAudioParam.o,InagakiM.a,false
setMirrorSwitch__Q29GameAudio10ParametersFb,GameAudioParam.o,InagakiM.a,false
getRaceMode__Q29GameAudio10ParametersFv,GameAudioParam.o,InagakiM.a,false
getPlayerMode__Q29GameAudio10ParametersFv,GameAudioParam.o,InagakiM.a,false
getEngineType__Q29GameAudio10ParametersFUc,GameAudioParam.o,InagakiM.a,false
getCharacterType__Q29GameAudio10ParametersFUc,GameAudioParam.o,InagakiM.a,false
getRaceCourse__Q29GameAudio10ParametersFv,GameAudioParam.o,InagakiM.a,false
getChibiPitch__Q29GameAudio10ParametersFUl,GameAudioParam.o,InagakiM.a,false
getNetworkCubes__Q29GameAudio10ParametersFv,GameAudioParam.o,InagakiM.a,false
getChibiFlag__Q29GameAudio10ParametersFUc,GameAudioParam.o,InagakiM.a,false
getDemoMode__Q29GameAudio10ParametersFv,GameAudioParam.o,InagakiM.a,false
getMirrorSwitch__Q29GameAudio10ParametersFv,GameAudioParam.o,InagakiM.a,false
setKillSwAll__Q29GameAudio41SoundMgr<Q29GameAudio17MapSoundObjectMgr>Fb,GameAudioParam.o,InagakiM.a,false
setKillSwAll__Q29GameAudio39SoundMgr<Q29GameAudio15CoasterSoundMgr>Fb,GameAudioParam.o,InagakiM.a,false
setKillSwAll__Q29GameAudio38SoundMgr<Q29GameAudio14CircleSoundMgr>Fb,GameAudioParam.o,InagakiM.a,false
setKillSwAll__Q29GameAudio37SoundMgr<Q29GameAudio13ShoreSoundMgr>Fb,GameAudioParam.o,InagakiM.a,false
setKillSwAll__Q29GameAudio38SoundMgr<Q29GameAudio14NpcCarSoundMgr>Fb,GameAudioParam.o,InagakiM.a,false
setKillSwAll__Q29GameAudio36SoundMgr<Q29GameAudio12RockSoundMgr>Fb,GameAudioParam.o,InagakiM.a,false
setKillSwAll__Q29GameAudio38SoundMgr<Q29GameAudio14ObjectSoundMgr>Fb,GameAudioParam.o,InagakiM.a,false
setKillSwAll__Q29GameAudio41SoundMgr<Q29GameAudio17CharacterSoundMgr>Fb,GameAudioParam.o,InagakiM.a,false
setKillSwAll__Q29GameAudio36SoundMgr<Q29GameAudio12KartSoundMgr>Fb,GameAudioParam.o,InagakiM.a,false
__sinit_GameAudioParam_cpp,GameAudioParam.o,InagakiM.a,false
__ct__Q29GameAudio12KartSoundMgrFP3VecP7JKRHeapUcUc,KartSoundMgr.o,InagakiM.a,false
__dt__Q29GameAudio12KartSoundMgrFv,KartSoundMgr.o,InagakiM.a,false
startSoundHandleNumber__Q29GameAudio12KartSoundMgrFUcUlUl,KartSoundMgr.o,InagakiM.a,false
dispose__Q29GameAudio12KartSoundMgrFv,KartSoundMgr.o,InagakiM.a,false
init__Q29GameAudio12KartSoundMgrFv,KartSoundMgr.o,InagakiM.a,false
changeDriver__Q29GameAudio12KartSoundMgrFb,KartSoundMgr.o,InagakiM.a,false
frameWork__Q29GameAudio12KartSoundMgrFUc,KartSoundMgr.o,InagakiM.a,false
checkAfterGoalVolume__Q29GameAudio12KartSoundMgrFv,KartSoundMgr.o,InagakiM.a,false
setWaterDepth__Q29GameAudio12KartSoundMgrFUcf,KartSoundMgr.o,InagakiM.a,false
setSlip__Q29GameAudio12KartSoundMgrFUcUcUcf,KartSoundMgr.o,InagakiM.a,false
setConductStatus__Q29GameAudio12KartSoundMgrFffbbbUcP7CrsArea,KartSoundMgr.o,InagakiM.a,false
setWaterCutoffPort__Q29GameAudio12KartSoundMgrFUs,KartSoundMgr.o,InagakiM.a,false
countGoalKart__Q29GameAudio12KartSoundMgrFv,KartSoundMgr.o,InagakiM.a,false
setConductLocomotiveAccel__Q29GameAudio12KartSoundMgrFv,KartSoundMgr.o,InagakiM.a,false
setConductLocomotiveSpeed__Q29GameAudio12KartSoundMgrFb,KartSoundMgr.o,InagakiM.a,false
setConductPressed__Q29GameAudio12KartSoundMgrFv,KartSoundMgr.o,InagakiM.a,false
setConductSignal__Q29GameAudio12KartSoundMgrFv,KartSoundMgr.o,InagakiM.a,false
setConductOutOfCourse__Q29GameAudio12KartSoundMgrFUc,KartSoundMgr.o,InagakiM.a,false
setConductTrouble__Q29GameAudio12KartSoundMgrFfUc,KartSoundMgr.o,InagakiM.a,false
setConductRace__Q29GameAudio12KartSoundMgrFb,KartSoundMgr.o,InagakiM.a,false
setConductAfterGoal__Q29GameAudio12KartSoundMgrFb,KartSoundMgr.o,InagakiM.a,false
setCrushSe__Q29GameAudio12KartSoundMgrFQ29CrsGround4EMatf,KartSoundMgr.o,InagakiM.a,false
setCrushSe__Q29GameAudio12KartSoundMgrFUlf,KartSoundMgr.o,InagakiM.a,false
setBrakeSe__Q29GameAudio12KartSoundMgrFUl,KartSoundMgr.o,InagakiM.a,false
setDashSe__Q29GameAudio12KartSoundMgrFUl,KartSoundMgr.o,InagakiM.a,false
setMiniturboSe__Q29GameAudio12KartSoundMgrFUl,KartSoundMgr.o,InagakiM.a,false
setJumpUpSe__Q29GameAudio12KartSoundMgrFUl,KartSoundMgr.o,InagakiM.a,false
setBoundSe__Q29GameAudio12KartSoundMgrFf,KartSoundMgr.o,InagakiM.a,false
setWheelSpinSe__Q29GameAudio12KartSoundMgrFv,KartSoundMgr.o,InagakiM.a,false
setSpinSe__Q29GameAudio12KartSoundMgrFv,KartSoundMgr.o,InagakiM.a,false
setSpinTurnSe__Q29GameAudio12KartSoundMgrFv,KartSoundMgr.o,InagakiM.a,false
setSe__Q29GameAudio12KartSoundMgrFUl,KartSoundMgr.o,InagakiM.a,false
setChibiPitch__Q29GameAudio12KartSoundMgrFP14JAISoundHandle,KartSoundMgr.o,InagakiM.a,false
adjustEngine__Q29GameAudio12KartSoundMgrFv,KartSoundMgr.o,InagakiM.a,false
crushRenzokuTaisaku__Q29GameAudio12KartSoundMgrFv,KartSoundMgr.o,InagakiM.a,false
slipParamSet__Q29GameAudio12KartSoundMgrFv,KartSoundMgr.o,InagakiM.a,false
checkEcho__Q29GameAudio12KartSoundMgrFv,KartSoundMgr.o,InagakiM.a,false
setInvincibleBgm__Q29GameAudio12KartSoundMgrFUc,KartSoundMgr.o,InagakiM.a,false
clearInvincibleBgm__Q29GameAudio12KartSoundMgrFUc,KartSoundMgr.o,InagakiM.a,false
setChibiFlag__Q29GameAudio12KartSoundMgrFbb,KartSoundMgr.o,InagakiM.a,false
__ct__Q29GameAudio36SoundMgr<Q29GameAudio12KartSoundMgr>FP3VecP7JKRHeapUc,KartSoundMgr.o,InagakiM.a,false
__dt__Q29GameAudio36SoundMgr<Q29GameAudio12KartSoundMgr>Fv,KartSoundMgr.o,InagakiM.a,false
startSoundCustom__Q29GameAudio36SoundMgr<Q29GameAudio12KartSoundMgr>FUlUl,KartSoundMgr.o,InagakiM.a,false
setEcho__Q29GameAudio36SoundMgr<Q29GameAudio12KartSoundMgr>FP14JAISoundHandlef,KartSoundMgr.o,InagakiM.a,false
setSe__Q29GameAudio36SoundMgr<Q29GameAudio12KartSoundMgr>FUl,KartSoundMgr.o,InagakiM.a,false
__sinit_KartSoundMgr_cpp,KartSoundMgr.o,InagakiM.a,false
@48@__dt__Q29GameAudio36SoundMgr<Q29GameAudio12KartSoundMgr>Fv,KartSoundMgr.o,InagakiM.a,false
@48@__dt__Q29GameAudio12KartSoundMgrFv,KartSoundMgr.o,InagakiM.a,false
__ct__Q29GameAudio14NpcCarSoundMgrFP3VecUcP7JKRHeap,NpcCarSoundMgr.o,InagakiM.a,false
__dt__Q29GameAudio14NpcCarSoundMgrFv,NpcCarSoundMgr.o,InagakiM.a,false
frameWork__Q29GameAudio14NpcCarSoundMgrFfb,NpcCarSoundMgr.o,InagakiM.a,false
setEngineSound__Q29GameAudio14NpcCarSoundMgrFf,NpcCarSoundMgr.o,InagakiM.a,false
setHornSound__Q29GameAudio14NpcCarSoundMgrFb,NpcCarSoundMgr.o,InagakiM.a,false
setSe__Q29GameAudio14NpcCarSoundMgrFUl,NpcCarSoundMgr.o,InagakiM.a,false
__ct__Q29GameAudio46SoundWithEchoMgr<Q29GameAudio14NpcCarSoundMgr>FP3VecP7JKRHeapUc,NpcCarSoundMgr.o,InagakiM.a,false
__dt__Q29GameAudio46SoundWithEchoMgr<Q29GameAudio14NpcCarSoundMgr>Fv,NpcCarSoundMgr.o,InagakiM.a,false
checkEcho__Q29GameAudio46SoundWithEchoMgr<Q29GameAudio14NpcCarSoundMgr>Fv,NpcCarSoundMgr.o,InagakiM.a,false
setInitialEcho__Q29GameAudio46SoundWithEchoMgr<Q29GameAudio14NpcCarSoundMgr>FP14JAISoundHandle,NpcCarSoundMgr.o,InagakiM.a,false
__ct__Q29GameAudio38SoundMgr<Q29GameAudio14NpcCarSoundMgr>FP3VecP7JKRHeapUc,NpcCarSoundMgr.o,InagakiM.a,false
__dt__Q29GameAudio38SoundMgr<Q29GameAudio14NpcCarSoundMgr>Fv,NpcCarSoundMgr.o,InagakiM.a,false
startSoundCustom__Q29GameAudio38SoundMgr<Q29GameAudio14NpcCarSoundMgr>FUlUl,NpcCarSoundMgr.o,InagakiM.a,false
setSe__Q29GameAudio38SoundMgr<Q29GameAudio14NpcCarSoundMgr>FUl,NpcCarSoundMgr.o,InagakiM.a,false
__sinit_NpcCarSoundMgr_cpp,NpcCarSoundMgr.o,InagakiM.a,false
@48@__dt__Q29GameAudio46SoundWithEchoMgr<Q29GameAudio14NpcCarSoundMgr>Fv,NpcCarSoundMgr.o,InagakiM.a,false
@48@__dt__Q29GameAudio38SoundMgr<Q29GameAudio14NpcCarSoundMgr>Fv,NpcCarSoundMgr.o,InagakiM.a,false
@48@__dt__Q29GameAudio14NpcCarSoundMgrFv,NpcCarSoundMgr.o,InagakiM.a,false
__ct__Q29GameAudio14ObjectSoundMgrFP3VecP7JKRHeap,ObjectSoundMgr.o,InagakiM.a,false
__dt__Q29GameAudio14ObjectSoundMgrFv,ObjectSoundMgr.o,InagakiM.a,false
loop__Q29GameAudio14ObjectSoundMgrFv,ObjectSoundMgr.o,InagakiM.a,false
frameWork__Q29GameAudio14ObjectSoundMgrFv,ObjectSoundMgr.o,InagakiM.a,false
setSe__Q29GameAudio14ObjectSoundMgrFUl,ObjectSoundMgr.o,InagakiM.a,false
setSeWithVelocityVP__Q29GameAudio14ObjectSoundMgrFUlff,ObjectSoundMgr.o,InagakiM.a,false
setSeWithVelocityV__Q29GameAudio14ObjectSoundMgrFUlff,ObjectSoundMgr.o,InagakiM.a,false
setSeWithVelocityP__Q29GameAudio14ObjectSoundMgrFUlf,ObjectSoundMgr.o,InagakiM.a,false
__ct__Q29GameAudio46SoundWithEchoMgr<Q29GameAudio14ObjectSoundMgr>FP3VecP7JKRHeapUc,ObjectSoundMgr.o,InagakiM.a,false
__dt__Q29GameAudio46SoundWithEchoMgr<Q29GameAudio14ObjectSoundMgr>Fv,ObjectSoundMgr.o,InagakiM.a,false
checkEcho__Q29GameAudio46SoundWithEchoMgr<Q29GameAudio14ObjectSoundMgr>Fv,ObjectSoundMgr.o,InagakiM.a,false
setInitialEcho__Q29GameAudio46SoundWithEchoMgr<Q29GameAudio14ObjectSoundMgr>FP14JAISoundHandle,ObjectSoundMgr.o,InagakiM.a,false
__ct__Q29GameAudio38SoundMgr<Q29GameAudio14ObjectSoundMgr>FP3VecP7JKRHeapUc,ObjectSoundMgr.o,InagakiM.a,false
__dt__Q29GameAudio38SoundMgr<Q29GameAudio14ObjectSoundMgr>Fv,ObjectSoundMgr.o,InagakiM.a,false
startSoundCustom__Q29GameAudio38SoundMgr<Q29GameAudio14ObjectSoundMgr>FUlUl,ObjectSoundMgr.o,InagakiM.a,false
setSe__Q29GameAudio38SoundMgr<Q29GameAudio14ObjectSoundMgr>FUl,ObjectSoundMgr.o,InagakiM.a,false
__sinit_ObjectSoundMgr_cpp,ObjectSoundMgr.o,InagakiM.a,false
@48@__dt__Q29GameAudio46SoundWithEchoMgr<Q29GameAudio14ObjectSoundMgr>Fv,ObjectSoundMgr.o,InagakiM.a,false
@48@__dt__Q29GameAudio38SoundMgr<Q29GameAudio14ObjectSoundMgr>Fv,ObjectSoundMgr.o,InagakiM.a,false
@48@__dt__Q29GameAudio14ObjectSoundMgrFv,ObjectSoundMgr.o,InagakiM.a,false
__ct__Q29GameAudio12RockSoundMgrFP3VecfP7JKRHeap,RockSoundMgr.o,InagakiM.a,false
__dt__Q29GameAudio12RockSoundMgrFv,RockSoundMgr.o,InagakiM.a,false
init__Q29GameAudio12RockSoundMgrFv,RockSoundMgr.o,InagakiM.a,false
loop__Q29GameAudio12RockSoundMgrFv,RockSoundMgr.o,InagakiM.a,false
frameWork__Q29GameAudio12RockSoundMgrFv,RockSoundMgr.o,InagakiM.a,false
setRollSe__Q29GameAudio12RockSoundMgrFf,RockSoundMgr.o,InagakiM.a,false
setBoundSe__Q29GameAudio12RockSoundMgrFf,RockSoundMgr.o,InagakiM.a,false
setBrokenSe__Q29GameAudio12RockSoundMgrFv,RockSoundMgr.o,InagakiM.a,false
__ct__Q29GameAudio36SoundMgr<Q29GameAudio12RockSoundMgr>FP3VecP7JKRHeapUc,RockSoundMgr.o,InagakiM.a,false
__dt__Q29GameAudio36SoundMgr<Q29GameAudio12RockSoundMgr>Fv,RockSoundMgr.o,InagakiM.a,false
setSe__Q29GameAudio36SoundMgr<Q29GameAudio12RockSoundMgr>FUl,RockSoundMgr.o,InagakiM.a,false
startSoundCustom__Q29GameAudio36SoundMgr<Q29GameAudio12RockSoundMgr>FUlUl,RockSoundMgr.o,InagakiM.a,false
__sinit_RockSoundMgr_cpp,RockSoundMgr.o,InagakiM.a,false
@48@__dt__Q29GameAudio36SoundMgr<Q29GameAudio12RockSoundMgr>Fv,RockSoundMgr.o,InagakiM.a,false
@48@__dt__Q29GameAudio12RockSoundMgrFv,RockSoundMgr.o,InagakiM.a,false
getBgmSeqResourceID__Q29GameAudio16CustomSoundTableCF10JAISoundID,GameSoundTable.o,InagakiM.a,false
getSoundType__Q29GameAudio16CustomSoundTableCF10JAISoundID,GameSoundTable.o,InagakiM.a,false
getCategory__Q29GameAudio16CustomSoundTableCF10JAISoundID,GameSoundTable.o,InagakiM.a,false
getAudibleSw__Q29GameAudio16CustomSoundTableCF10JAISoundID,GameSoundTable.o,InagakiM.a,false
getPTrack__Q29GameAudio16CustomSoundTableCF10JAISoundID,GameSoundTable.o,InagakiM.a,false
getSwBit__Q29GameAudio16CustomSoundTableCF10JAISoundID,GameSoundTable.o,InagakiM.a,false
getLevelFlag__Q29GameAudio16CustomSoundTableCF10JAISoundID,GameSoundTable.o,InagakiM.a,false
getPriority__Q29GameAudio16CustomSoundTableCF10JAISoundID,GameSoundTable.o,InagakiM.a,false
getSeInfo__Q29GameAudio16CustomSoundTableCF10JAISoundIDP5JAISe,GameSoundTable.o,InagakiM.a,false
getSeqInfo__Q29GameAudio16CustomSoundTableCF10JAISoundIDP6JAISeq,GameSoundTable.o,InagakiM.a,false
getStreamInfo__Q29GameAudio16CustomSoundTableCF10JAISoundIDP9JAIStream,GameSoundTable.o,InagakiM.a,false
getSoundInfo___Q29GameAudio16CustomSoundTableCF10JAISoundIDP8JAISound,GameSoundTable.o,InagakiM.a,false
getStreamFileEntry__Q29GameAudio16CustomSoundTableF10JAISoundID,GameSoundTable.o,InagakiM.a,false
initAudibleSw__Q29GameAudio16CustomSoundTableFv,GameSoundTable.o,InagakiM.a,false
__dt__Q29GameAudio16CustomSoundTableFv,GameSoundTable.o,InagakiM.a,false
__sinit_GameSoundTable_cpp,GameSoundTable.o,InagakiM.a,false
@4@getBgmSeqResourceID__Q29GameAudio16CustomSoundTableCF10JAISoundID,GameSoundTable.o,InagakiM.a,false
@4@getAudibleSw__Q29GameAudio16CustomSoundTableCF10JAISoundID,GameSoundTable.o,InagakiM.a,false
@8@__dt__Q29GameAudio16CustomSoundTableFv,GameSoundTable.o,InagakiM.a,false
@8@getStreamFileEntry__Q29GameAudio16CustomSoundTableF10JAISoundID,GameSoundTable.o,InagakiM.a,false
__ct__Q29GameAudio13ShoreSoundMgrFP7JKRHeap,ShoreSoundMgr.o,InagakiM.a,false
__ct__Q29GameAudio7PosMoveFv,ShoreSoundMgr.o,InagakiM.a,false
__dt__Q29GameAudio13ShoreSoundMgrFv,ShoreSoundMgr.o,InagakiM.a,false
loop__Q29GameAudio13ShoreSoundMgrFv,ShoreSoundMgr.o,InagakiM.a,false
frameWork__Q29GameAudio13ShoreSoundMgrFv,ShoreSoundMgr.o,InagakiM.a,false
setTide__Q29GameAudio13ShoreSoundMgrFUcPQ29JGeometry8TVec3<f>PQ29JGeometry8TVec3<f>,ShoreSoundMgr.o,InagakiM.a,false
setStatus__Q29GameAudio13ShoreSoundMgrFbf,ShoreSoundMgr.o,InagakiM.a,false
__ct__Q29GameAudio37SoundMgr<Q29GameAudio13ShoreSoundMgr>FP3VecP7JKRHeapUc,ShoreSoundMgr.o,InagakiM.a,false
__dt__Q29GameAudio37SoundMgr<Q29GameAudio13ShoreSoundMgr>Fv,ShoreSoundMgr.o,InagakiM.a,false
setSe__Q29GameAudio37SoundMgr<Q29GameAudio13ShoreSoundMgr>FUl,ShoreSoundMgr.o,InagakiM.a,false
startSoundCustom__Q29GameAudio37SoundMgr<Q29GameAudio13ShoreSoundMgr>FUlUl,ShoreSoundMgr.o,InagakiM.a,false
__sinit_ShoreSoundMgr_cpp,ShoreSoundMgr.o,InagakiM.a,false
@48@__dt__Q29GameAudio37SoundMgr<Q29GameAudio13ShoreSoundMgr>Fv,ShoreSoundMgr.o,InagakiM.a,false
@48@__dt__Q29GameAudio13ShoreSoundMgrFv,ShoreSoundMgr.o,InagakiM.a,false
__ct__Q29GameAudio14CircleSoundMgrFP3VecfffP7JKRHeap,CircleSoundMgr.o,InagakiM.a,false
__dt__Q29GameAudio14CircleSoundMgrFv,CircleSoundMgr.o,InagakiM.a,false
loop__Q29GameAudio14CircleSoundMgrFv,CircleSoundMgr.o,InagakiM.a,false
frameWork__Q29GameAudio14CircleSoundMgrFv,CircleSoundMgr.o,InagakiM.a,false
calcPlayPos__Q29GameAudio14CircleSoundMgrFUl,CircleSoundMgr.o,InagakiM.a,false
setSe__Q29GameAudio14CircleSoundMgrFUl,CircleSoundMgr.o,InagakiM.a,false
__ct__Q29GameAudio38SoundMgr<Q29GameAudio14CircleSoundMgr>FP3VecP7JKRHeapUc,CircleSoundMgr.o,InagakiM.a,false
__dt__Q29GameAudio38SoundMgr<Q29GameAudio14CircleSoundMgr>Fv,CircleSoundMgr.o,InagakiM.a,false
setSe__Q29GameAudio38SoundMgr<Q29GameAudio14CircleSoundMgr>FUl,CircleSoundMgr.o,InagakiM.a,false
startSoundCustom__Q29GameAudio38SoundMgr<Q29GameAudio14CircleSoundMgr>FUlUl,CircleSoundMgr.o,InagakiM.a,false
loop__Q29GameAudio38SoundMgr<Q29GameAudio14CircleSoundMgr>Fv,CircleSoundMgr.o,InagakiM.a,false
__sinit_CircleSoundMgr_cpp,CircleSoundMgr.o,InagakiM.a,false
@48@__dt__Q29GameAudio38SoundMgr<Q29GameAudio14CircleSoundMgr>Fv,CircleSoundMgr.o,InagakiM.a,false
@48@__dt__Q29GameAudio14CircleSoundMgrFv,CircleSoundMgr.o,InagakiM.a,false
__ct__Q29GameAudio15CoasterSoundMgrFP3VecP7JKRHeap,CoasterSoundMgr.o,InagakiM.a,false
__dt__Q29GameAudio15CoasterSoundMgrFv,CoasterSoundMgr.o,InagakiM.a,false
frameWork__Q29GameAudio15CoasterSoundMgrFf,CoasterSoundMgr.o,InagakiM.a,false
setEngineSound__Q29GameAudio15CoasterSoundMgrFf,CoasterSoundMgr.o,InagakiM.a,false
checkScream__Q29GameAudio15CoasterSoundMgrFf,CoasterSoundMgr.o,InagakiM.a,false
__ct__Q29GameAudio47SoundWithEchoMgr<Q29GameAudio15CoasterSoundMgr>FP3VecP7JKRHeapUc,CoasterSoundMgr.o,InagakiM.a,false
__dt__Q29GameAudio47SoundWithEchoMgr<Q29GameAudio15CoasterSoundMgr>Fv,CoasterSoundMgr.o,InagakiM.a,false
checkEcho__Q29GameAudio47SoundWithEchoMgr<Q29GameAudio15CoasterSoundMgr>Fv,CoasterSoundMgr.o,InagakiM.a,false
__ct__Q29GameAudio39SoundMgr<Q29GameAudio15CoasterSoundMgr>FP3VecP7JKRHeapUc,CoasterSoundMgr.o,InagakiM.a,false
__dt__Q29GameAudio39SoundMgr<Q29GameAudio15CoasterSoundMgr>Fv,CoasterSoundMgr.o,InagakiM.a,false
setSe__Q29GameAudio39SoundMgr<Q29GameAudio15CoasterSoundMgr>FUl,CoasterSoundMgr.o,InagakiM.a,false
loop__Q29GameAudio39SoundMgr<Q29GameAudio15CoasterSoundMgr>Fv,CoasterSoundMgr.o,InagakiM.a,false
startSoundCustom__Q29GameAudio39SoundMgr<Q29GameAudio15CoasterSoundMgr>FUlUl,CoasterSoundMgr.o,InagakiM.a,false
__sinit_CoasterSoundMgr_cpp,CoasterSoundMgr.o,InagakiM.a,false
@48@__dt__Q29GameAudio47SoundWithEchoMgr<Q29GameAudio15CoasterSoundMgr>Fv,CoasterSoundMgr.o,InagakiM.a,false
@48@__dt__Q29GameAudio39SoundMgr<Q29GameAudio15CoasterSoundMgr>Fv,CoasterSoundMgr.o,InagakiM.a,false
@48@__dt__Q29GameAudio15CoasterSoundMgrFv,CoasterSoundMgr.o,InagakiM.a,false
__ct__Q29GameAudio17MapSoundObjectMgrFP3VecQ39GameAudio17MapSoundObjectMgr4TypeP7JKRHeap,MapSoundObjectMgr.o,InagakiM.a,false
__dt__Q29GameAudio17MapSoundObjectMgrFv,MapSoundObjectMgr.o,InagakiM.a,false
frameWork__Q29GameAudio17MapSoundObjectMgrFv,MapSoundObjectMgr.o,InagakiM.a,false
getPlayerGoalRank__Q29GameAudio17MapSoundObjectMgrFv,MapSoundObjectMgr.o,InagakiM.a,false
__ct__Q29GameAudio49SoundWithEchoMgr<Q29GameAudio17MapSoundObjectMgr>FP3VecP7JKRHeapUc,MapSoundObjectMgr.o,InagakiM.a,false
__dt__Q29GameAudio49SoundWithEchoMgr<Q29GameAudio17MapSoundObjectMgr>Fv,MapSoundObjectMgr.o,InagakiM.a,false
__ct__Q29GameAudio41SoundMgr<Q29GameAudio17MapSoundObjectMgr>FP3VecP7JKRHeapUc,MapSoundObjectMgr.o,InagakiM.a,false
__dt__Q29GameAudio41SoundMgr<Q29GameAudio17MapSoundObjectMgr>Fv,MapSoundObjectMgr.o,InagakiM.a,false
setSe__Q29GameAudio41SoundMgr<Q29GameAudio17MapSoundObjectMgr>FUl,MapSoundObjectMgr.o,InagakiM.a,false
loop__Q29GameAudio41SoundMgr<Q29GameAudio17MapSoundObjectMgr>Fv,MapSoundObjectMgr.o,InagakiM.a,false
startSoundCustom__Q29GameAudio41SoundMgr<Q29GameAudio17MapSoundObjectMgr>FUlUl,MapSoundObjectMgr.o,InagakiM.a,false
__sinit_MapSoundObjectMgr_cpp,MapSoundObjectMgr.o,InagakiM.a,false
@48@__dt__Q29GameAudio49SoundWithEchoMgr<Q29GameAudio17MapSoundObjectMgr>Fv,MapSoundObjectMgr.o,InagakiM.a,false
@48@__dt__Q29GameAudio41SoundMgr<Q29GameAudio17MapSoundObjectMgr>Fv,MapSoundObjectMgr.o,InagakiM.a,false
@48@__dt__Q29GameAudio17MapSoundObjectMgrFv,MapSoundObjectMgr.o,InagakiM.a,false
__ct__Q29GameAudio12FxLineConfigFP7JKRHeap,GameAudioFxConfig.o,InagakiM.a,false
set__Q29GameAudio12FxLineConfigFUc,GameAudioFxConfig.o,InagakiM.a,false
__ct__Q29GameAudio15CustomArcLoaderFP10JAUSection,GameAudioArcLoader.o,InagakiM.a,false
__dt__Q29GameAudio15CustomArcLoaderFv,GameAudioArcLoader.o,InagakiM.a,false
readCommandMore__Q29GameAudio15CustomArcLoaderFUl,GameAudioArcLoader.o,InagakiM.a,false
__sinit_GameAudioArcLoader_cpp,GameAudioArcLoader.o,InagakiM.a,false
