__ct__5MotorFP7JKRHeap,Motor.o,KamedaM.a,false
__dt__10MotorParamFv,Motor.o,KamedaM.a,false
init__5MotorFv,Motor.o,KamedaM.a,false
__dt__5MotorFv,Motor.o,KamedaM.a,false
__dt__12MotorHioNodeFv,Motor.o,KamedaM.a,false
exec__5MotorFv,Motor.o,KamedaM.a,false
triggerWave__5MotorFP11KartGamePadi,Motor.o,KamedaM.a,false
powerWave__5MotorFP11KartGamePadfUcUc,Motor.o,KamedaM.a,false
stop__5MotorFv,Motor.o,KamedaM.a,false
__sinit_Motor_cpp,Motor.o,KamedaM.a,false
__ct__12MotorManagerFP7JKRHeap,MotorManager.o,KamedaM.a,false
__dt__12MotorManagerFv,MotorManager.o,KamedaM.a,false
reset__12MotorManagerFv,MotorManager.o,KamedaM.a,false
exec__12MotorManagerFv,MotorManager.o,KamedaM.a,false
setMotor__12MotorManagerFQ212MotorManager9MotorTypei,MotorManager.o,KamedaM.a,false
setAwardMotor__12MotorManagerFQ212MotorManager9MotorType,MotorManager.o,KamedaM.a,false
setPowerMotor__12MotorManagerFifUcUc,MotorManager.o,KamedaM.a,false
__sinit_MotorManager_cpp,MotorManager.o,KamedaM.a,false
__ct__10J2DManagerFP7JKRHeap,J2DManager.o,KamedaM.a,false
reset__10J2DManagerFv,J2DManager.o,KamedaM.a,false
draw__10J2DManagerFv,J2DManager.o,KamedaM.a,false
calc__10J2DManagerFv,J2DManager.o,KamedaM.a,false
calcParticle__10J2DManagerFv,J2DManager.o,KamedaM.a,false
getKart2Status__10J2DManagerFi,J2DManager.o,KamedaM.a,false
getStatus2Kart__10J2DManagerFi,J2DManager.o,KamedaM.a,false
setStatus2Kart__10J2DManagerFii,J2DManager.o,KamedaM.a,false
setUsisi__10J2DManagerFi7ECharID,J2DManager.o,KamedaM.a,false
startPreRace__10J2DManagerFv,J2DManager.o,KamedaM.a,false
getPreRaceStatus__10J2DManagerFv,J2DManager.o,KamedaM.a,false
getPreRaceWipeType__10J2DManagerFv,J2DManager.o,KamedaM.a,false
setRace2DDrawFlag__10J2DManagerFb,J2DManager.o,KamedaM.a,false
hideRace2D__10J2DManagerFv,J2DManager.o,KamedaM.a,false
getHideFrameRace2D__10J2DManagerFv,J2DManager.o,KamedaM.a,false
isHideRace2D__10J2DManagerFv,J2DManager.o,KamedaM.a,false
isRaceEnd__10J2DManagerFv,J2DManager.o,KamedaM.a,false
isGoalAnmEnd__10J2DManagerFi,J2DManager.o,KamedaM.a,false
getGoalAnmFrame__10J2DManagerFi,J2DManager.o,KamedaM.a,false
isAlarm__10J2DManagerFi,J2DManager.o,KamedaM.a,false
startLANNumAnm__10J2DManagerFv,J2DManager.o,KamedaM.a,false
startLANNumResultAnm__10J2DManagerFv,J2DManager.o,KamedaM.a,false
startLANResultAnm__10J2DManagerFi,J2DManager.o,KamedaM.a,false
startBombDemo__10J2DManagerFv,J2DManager.o,KamedaM.a,false
endBombDemo__10J2DManagerFv,J2DManager.o,KamedaM.a,false
isLANDemo__10J2DManagerFv,J2DManager.o,KamedaM.a,false
isStartGo321__10J2DManagerFv,J2DManager.o,KamedaM.a,false
__sinit_J2DManager_cpp,J2DManager.o,KamedaM.a,false
__ct__4TaskFi,Task.o,KamedaM.a,false
init__4TaskFv,Task.o,KamedaM.a,false
make__4TaskFPFv_vUs,Task.o,KamedaM.a,false
run__4TaskFv,Task.o,KamedaM.a,false
change__4TaskFPFv_vPQ24Task3TCB,Task.o,KamedaM.a,false
kill__4TaskFPQ24Task3TCB,Task.o,KamedaM.a,false
head__4TaskFv,Task.o,KamedaM.a,false
tail__4TaskFv,Task.o,KamedaM.a,false
__ct__6Goal2DFP7JKRHeap,Goal2D.o,KamedaM.a,false
__dt__11Goal2DParamFv,Goal2D.o,KamedaM.a,false
init__6Goal2DFv,Goal2D.o,KamedaM.a,false
__dt__13Goal2DHioNodeFv,Goal2D.o,KamedaM.a,false
drawGoal__6Goal2DFv,Goal2D.o,KamedaM.a,false
drawRetire__6Goal2DFv,Goal2D.o,KamedaM.a,false
calc__6Goal2DFv,Goal2D.o,KamedaM.a,false
sequenceGP__6Goal2DFv,Goal2D.o,KamedaM.a,false
sequenceVS__6Goal2DFv,Goal2D.o,KamedaM.a,false
sequenceTA__6Goal2DFv,Goal2D.o,KamedaM.a,false
sequenceMG__6Goal2DFv,Goal2D.o,KamedaM.a,false
setVSMGRank__6Goal2DFv,Goal2D.o,KamedaM.a,false
__sinit_Goal2D_cpp,Goal2D.o,KamedaM.a,false
__ct__12PauseManagerFP7JKRHeap,PauseManager.o,KamedaM.a,false
reset__12PauseManagerFv,PauseManager.o,KamedaM.a,false
draw__12PauseManagerFv,PauseManager.o,KamedaM.a,false
exec__12PauseManagerFv,PauseManager.o,KamedaM.a,false
getDrawFlag__8Result2DFv,PauseManager.o,KamedaM.a,false
setDrawFlag__8Result2DFb,PauseManager.o,KamedaM.a,false
tstPause__12PauseManagerFv,PauseManager.o,KamedaM.a,false
wipeOut__12PauseManagerFi,PauseManager.o,KamedaM.a,false
getPauseChoice__12PauseManagerFv,PauseManager.o,KamedaM.a,false
setTA__12PauseManagerFv,PauseManager.o,KamedaM.a,false
__sinit_PauseManager_cpp,PauseManager.o,KamedaM.a,false
__ct__7Pause2DFP7JKRHeap,Pause2D.o,KamedaM.a,false
__dt__12Pause2DParamFv,Pause2D.o,KamedaM.a,false
__ct__Q29JGeometry8TVec2<f>Fv,Pause2D.o,KamedaM.a,false
init__7Pause2DFv,Pause2D.o,KamedaM.a,false
__dt__14Pause2DHioNodeFv,Pause2D.o,KamedaM.a,false
draw__7Pause2DFv,Pause2D.o,KamedaM.a,false
calc__7Pause2DFP11KartGamePad,Pause2D.o,KamedaM.a,false
selectorGP__7Pause2DFP11KartGamePad,Pause2D.o,KamedaM.a,false
selectorVS__7Pause2DFP11KartGamePad,Pause2D.o,KamedaM.a,false
selectorTA__7Pause2DFP11KartGamePad,Pause2D.o,KamedaM.a,false
selectorMG__7Pause2DFP11KartGamePad,Pause2D.o,KamedaM.a,false
selectorCommon__7Pause2DFv,Pause2D.o,KamedaM.a,false
setDrawGP__7Pause2DFv,Pause2D.o,KamedaM.a,false
setDrawVS__7Pause2DFv,Pause2D.o,KamedaM.a,false
setDrawTA__7Pause2DFv,Pause2D.o,KamedaM.a,false
setDrawMG__7Pause2DFv,Pause2D.o,KamedaM.a,false
setDrawCommon__7Pause2DFv,Pause2D.o,KamedaM.a,false
getScale__7Pause2DFi,Pause2D.o,KamedaM.a,false
getPauseSelector__7Pause2DFv,Pause2D.o,KamedaM.a,false
getPauseStatus__7Pause2DFv,Pause2D.o,KamedaM.a,false
setPauseStatus__7Pause2DFQ27Pause2D11PauseStatus,Pause2D.o,KamedaM.a,false
setPadText__7Pause2DFv,Pause2D.o,KamedaM.a,false
__sinit_Pause2D_cpp,Pause2D.o,KamedaM.a,false
__ct__11WipeManagerFP7JKRHeap,WipeManager.o,KamedaM.a,false
__dt__9WipeParamFv,WipeManager.o,KamedaM.a,false
__ct__Q211WipeManager26@class$2941WipeManager_cppFv,WipeManager.o,KamedaM.a,false
__dt__11WipeHioNodeFv,WipeManager.o,KamedaM.a,false
reset__11WipeManagerFv,WipeManager.o,KamedaM.a,false
draw__11WipeManagerFv,WipeManager.o,KamedaM.a,false
drawIn__11WipeManagerFiii,WipeManager.o,KamedaM.a,false
drawOut__11WipeManagerFiii,WipeManager.o,KamedaM.a,false
calc__11WipeManagerFv,WipeManager.o,KamedaM.a,false
calcIn__11WipeManagerFiii,WipeManager.o,KamedaM.a,false
calcOut__11WipeManagerFiii,WipeManager.o,KamedaM.a,false
getWipeState__11WipeManagerFi,WipeManager.o,KamedaM.a,false
setWipe__11WipeManagerFiisssQ28JUtility6TColor,WipeManager.o,KamedaM.a,false
initPre__11WipeManagerFv,WipeManager.o,KamedaM.a,false
preWipe__11WipeManagerFv,WipeManager.o,KamedaM.a,false
initMain__11WipeManagerFv,WipeManager.o,KamedaM.a,false
mainWipe__11WipeManagerFv,WipeManager.o,KamedaM.a,false
initAfter__11WipeManagerFv,WipeManager.o,KamedaM.a,false
afterWipe__11WipeManagerFv,WipeManager.o,KamedaM.a,false
__sinit_WipeManager_cpp,WipeManager.o,KamedaM.a,false
__ct__4FadeFP7JKRHeap,Fade.o,KamedaM.a,false
init__4FadeFv,Fade.o,KamedaM.a,false
draw__4FadeFifQ28JUtility6TColor,Fade.o,KamedaM.a,false
__sinit_Fade_cpp,Fade.o,KamedaM.a,false
drawK2D__10K2DPictureFffffb,K2DPicture.o,KamedaM.a,false
getNewColor__10K2DPictureFPQ28JUtility6TColor,K2DPicture.o,KamedaM.a,false
setTevModeK2D__10K2DPictureFv,K2DPicture.o,KamedaM.a,false
makeMatrix__10K2DPictureFff,K2DPicture.o,KamedaM.a,false
__ct__5SceneFP10JKRArchiveP7JKRHeap,Scene.o,KamedaM.a,false
__dt__5SceneFv,Scene.o,KamedaM.a,false
create__8SceneAppFv,SceneApp.o,KamedaM.a,false
call__8SceneAppFv,SceneApp.o,KamedaM.a,false
__ct__8SceneAppFv,SceneApp.o,KamedaM.a,false
__dt__8SceneAppFv,SceneApp.o,KamedaM.a,false
draw__8SceneAppFv,SceneApp.o,KamedaM.a,false
calc__8SceneAppFv,SceneApp.o,KamedaM.a,false
reset__7GameAppFv,SceneApp.o,KamedaM.a,false
__sinit_SceneApp_cpp,SceneApp.o,KamedaM.a,false
__ct__10SceneTitleFP10JKRArchiveP7JKRHeap,SceneTitle.o,KamedaM.a,false
init__10SceneTitleFv,SceneTitle.o,KamedaM.a,false
__dt__10SceneTitleFv,SceneTitle.o,KamedaM.a,false
draw__10SceneTitleFv,SceneTitle.o,KamedaM.a,false
calc__10SceneTitleFv,SceneTitle.o,KamedaM.a,false
fadeIn__10SceneTitleFv,SceneTitle.o,KamedaM.a,false
title__10SceneTitleFv,SceneTitle.o,KamedaM.a,false
card__10SceneTitleFv,SceneTitle.o,KamedaM.a,false
titleMenu__10SceneTitleFv,SceneTitle.o,KamedaM.a,false
nextScene__10SceneTitleFv,SceneTitle.o,KamedaM.a,false
demo__10SceneTitleFv,SceneTitle.o,KamedaM.a,false
titleMenuAnm__10SceneTitleFv,SceneTitle.o,KamedaM.a,false
__dt__15SceneTitleParamFv,SceneTitle.o,KamedaM.a,false
__sinit_SceneTitle_cpp,SceneTitle.o,KamedaM.a,false
__ct__11SceneOptionFP10JKRArchiveP7JKRHeap,SceneOption.o,KamedaM.a,false
SceneOption_ConstructerOption__11SceneOptionFP7JKRHeap,SceneOption.o,KamedaM.a,false
SceneOption_ConstructerBack__11SceneOptionFP7JKRHeap,SceneOption.o,KamedaM.a,false
init__11SceneOptionFv,SceneOption.o,KamedaM.a,false
init_option__11SceneOptionFv,SceneOption.o,KamedaM.a,false
init_back__11SceneOptionFv,SceneOption.o,KamedaM.a,false
__dt__11SceneOptionFv,SceneOption.o,KamedaM.a,false
draw__11SceneOptionFv,SceneOption.o,KamedaM.a,false
calcAnmCursor__11SceneOptionFv,SceneOption.o,KamedaM.a,false
calcAnm__11SceneOptionFv,SceneOption.o,KamedaM.a,false
calcMatAnmCursor__11SceneOptionFv,SceneOption.o,KamedaM.a,false
calc__11SceneOptionFv,SceneOption.o,KamedaM.a,false
fadeIn__11SceneOptionFv,SceneOption.o,KamedaM.a,false
option__11SceneOptionFv,SceneOption.o,KamedaM.a,false
soundplayer__11SceneOptionFv,SceneOption.o,KamedaM.a,false
nextScene__11SceneOptionFv,SceneOption.o,KamedaM.a,false
getJASoundMode__11SceneOptionFi,SceneOption.o,KamedaM.a,false
SceneChange_ExitOption__11SceneOptionFi,SceneOption.o,KamedaM.a,false
rumble__11SceneOptionFi,SceneOption.o,KamedaM.a,false
rumbleOff__11SceneOptionFi,SceneOption.o,KamedaM.a,false
save__11SceneOptionFv,SceneOption.o,KamedaM.a,false
nosave__11SceneOptionFv,SceneOption.o,KamedaM.a,false
osSetSound__11SceneOptionFi,SceneOption.o,KamedaM.a,false
__sinit_SceneOption_cpp,SceneOption.o,KamedaM.a,false
__ct__11SceneRecordFP10JKRArchiveP7JKRHeap,SceneRecord.o,KamedaM.a,false
__ct__Q210J2DPicture12TCornerColorFv,SceneRecord.o,KamedaM.a,false
SceneRecord_ConstructerMenu__11SceneRecordFP7JKRHeap,SceneRecord.o,KamedaM.a,false
SceneRecord_ConstructerGP__11SceneRecordFP7JKRHeap,SceneRecord.o,KamedaM.a,false
SceneRecord_ConstructerGPLine__11SceneRecordFP7JKRHeap,SceneRecord.o,KamedaM.a,false
SceneRecord_ConstructerTA__11SceneRecordFP7JKRHeap,SceneRecord.o,KamedaM.a,false
SceneRecord_ConstructerTALine__11SceneRecordFP7JKRHeap,SceneRecord.o,KamedaM.a,false
SceneRecord_ConstructerBack__11SceneRecordFP7JKRHeap,SceneRecord.o,KamedaM.a,false
init__11SceneRecordFv,SceneRecord.o,KamedaM.a,false
init_mode__11SceneRecordFv,SceneRecord.o,KamedaM.a,false
init_gp__11SceneRecordFv,SceneRecord.o,KamedaM.a,false
init_gpline__11SceneRecordFv,SceneRecord.o,KamedaM.a,false
init_ta__11SceneRecordFv,SceneRecord.o,KamedaM.a,false
init_taline__11SceneRecordFv,SceneRecord.o,KamedaM.a,false
init_back__11SceneRecordFv,SceneRecord.o,KamedaM.a,false
__dt__11SceneRecordFv,SceneRecord.o,KamedaM.a,false
draw__11SceneRecordFv,SceneRecord.o,KamedaM.a,false
calcAnmRecordCursor__11SceneRecordFv,SceneRecord.o,KamedaM.a,false
calcAnmRecordGPCursor__11SceneRecordFv,SceneRecord.o,KamedaM.a,false
calcAnmRecordGPLineAll__11SceneRecordFv,SceneRecord.o,KamedaM.a,false
calcTexChangeRecordGPLine__11SceneRecordF10ERaceLevel,SceneRecord.o,KamedaM.a,false
calcAnmRecordTACursor__11SceneRecordFv,SceneRecord.o,KamedaM.a,false
calcAnmRecordTALineAll__11SceneRecordFv,SceneRecord.o,KamedaM.a,false
calcTexChangeRecordTA__11SceneRecordFv,SceneRecord.o,KamedaM.a,false
calcTexChangeRecordTALine__11SceneRecordFi,SceneRecord.o,KamedaM.a,false
calcAnm__11SceneRecordFv,SceneRecord.o,KamedaM.a,false
calcMatAnmRecordCursor__11SceneRecordFv,SceneRecord.o,KamedaM.a,false
calcMatAnm__11SceneRecordFv,SceneRecord.o,KamedaM.a,false
calc__11SceneRecordFv,SceneRecord.o,KamedaM.a,false
fadeIn__11SceneRecordFv,SceneRecord.o,KamedaM.a,false
mode__11SceneRecordFv,SceneRecord.o,KamedaM.a,false
gp__11SceneRecordFv,SceneRecord.o,KamedaM.a,false
ta__11SceneRecordFv,SceneRecord.o,KamedaM.a,false
record__11SceneRecordFv,SceneRecord.o,KamedaM.a,false
piece__11SceneRecordFv,SceneRecord.o,KamedaM.a,false
nextScene__11SceneRecordFv,SceneRecord.o,KamedaM.a,false
ConvNum2ERace__11SceneRecordFi,SceneRecord.o,KamedaM.a,false
__sinit_SceneRecord_cpp,SceneRecord.o,KamedaM.a,false
__ct__8SceneMapFP10JKRArchiveP7JKRHeap,SceneMap.o,KamedaM.a,false
init__8SceneMapFv,SceneMap.o,KamedaM.a,false
__dt__8SceneMapFv,SceneMap.o,KamedaM.a,false
draw__8SceneMapFv,SceneMap.o,KamedaM.a,false
calc__8SceneMapFv,SceneMap.o,KamedaM.a,false
map__8SceneMapFv,SceneMap.o,KamedaM.a,false
nextScene__8SceneMapFv,SceneMap.o,KamedaM.a,false
nextRace__8SceneMapFv,SceneMap.o,KamedaM.a,false
nextAward__8SceneMapFv,SceneMap.o,KamedaM.a,false
nextEnding__8SceneMapFv,SceneMap.o,KamedaM.a,false
nextTrueEnding__8SceneMapFv,SceneMap.o,KamedaM.a,false
__sinit_SceneMap_cpp,SceneMap.o,KamedaM.a,false
__ct__8Result2DFP7JKRHeap,Result2D.o,KamedaM.a,false
getKartInfo__7RaceMgrFi,Result2D.o,KamedaM.a,false
getStatusNumber__7RaceMgrCFv,Result2D.o,KamedaM.a,false
getDriverCharID__8KartInfoCFi,Result2D.o,KamedaM.a,false
setCornerColor__10J2DPictureFQ28JUtility6TColor,Result2D.o,KamedaM.a,false
getPad__8KartInfoFi,Result2D.o,KamedaM.a,false
isTagMode__8KartInfoCFv,Result2D.o,KamedaM.a,false
getKartInfo__8RaceInfoFi,Result2D.o,KamedaM.a,false
getScaleY__7J2DPaneCFv,Result2D.o,KamedaM.a,false
getScaleX__7J2DPaneCFv,Result2D.o,KamedaM.a,false
setFrame__10J2DAnmBaseFf,Result2D.o,KamedaM.a,false
JKRGetNameResource__FPCcP13JKRFileLoader,Result2D.o,KamedaM.a,false
setCornerColor__10J2DPictureFQ210J2DPicture12TCornerColor,Result2D.o,KamedaM.a,false
getCornerColor__10J2DPictureFRQ210J2DPicture12TCornerColor,Result2D.o,KamedaM.a,false
getRankPic__6Race2DFii,Result2D.o,KamedaM.a,false
getRace2D__10J2DManagerFv,Result2D.o,KamedaM.a,false
__as__Q28JUtility6TColorFRCQ28JUtility6TColor,Result2D.o,KamedaM.a,false
getLanguage__10KartLocaleFv,Result2D.o,KamedaM.a,false
getNumberTexture__12Kart2DCommonFQ212Kart2DCommon15NumberTextureID,Result2D.o,KamedaM.a,false
getRaceLevel__7RaceMgrCFv,Result2D.o,KamedaM.a,false
getCupIconTexture__12Kart2DCommonF10ERaceGpCup,Result2D.o,KamedaM.a,false
getCupNameTexture__12Kart2DCommonF10ERaceGpCup,Result2D.o,KamedaM.a,false
getCup__12SequenceInfoCFv,Result2D.o,KamedaM.a,false
ptr__12Kart2DCommonFv,Result2D.o,KamedaM.a,false
show__7J2DPaneFv,Result2D.o,KamedaM.a,false
__as__Q29JGeometry8TVec2<f>FRCQ29JGeometry8TVec2<f>,Result2D.o,KamedaM.a,false
hide__7J2DPaneFv,Result2D.o,KamedaM.a,false
__ct__Q29JGeometry8TBox2<f>FRCQ29JGeometry8TBox2<f>,Result2D.o,KamedaM.a,false
set__9J2DScreenFPCcP10JKRArchive,Result2D.o,KamedaM.a,false
getArchive__10J2DManagerCFv,Result2D.o,KamedaM.a,false
GETJ2DManager__Fv,Result2D.o,KamedaM.a,false
getRaceMode__7RaceMgrCFv,Result2D.o,KamedaM.a,false
RCMGetManager__Fv,Result2D.o,KamedaM.a,false
getJ2DOrtho__6SystemFv,Result2D.o,KamedaM.a,false
__ct__15Result2DHioNodeFPCc,Result2D.o,KamedaM.a,false
__dt__13Result2DParamFv,Result2D.o,KamedaM.a,false
__ct__Q28Result2D23@class$2978Result2D_cppFv,Result2D.o,KamedaM.a,false
__ct__Q28Result2D23@class$2971Result2D_cppFv,Result2D.o,KamedaM.a,false
__ct__Q28Result2D6data2DFv,Result2D.o,KamedaM.a,false
init__8Result2DFv,Result2D.o,KamedaM.a,false
__dt__15Result2DHioNodeFv,Result2D.o,KamedaM.a,false
draw__8Result2DFv,Result2D.o,KamedaM.a,false
drawGP__8Result2DFv,Result2D.o,KamedaM.a,false
drawVS__8Result2DFv,Result2D.o,KamedaM.a,false
drawTA__8Result2DFv,Result2D.o,KamedaM.a,false
drawMG__8Result2DFv,Result2D.o,KamedaM.a,false
calc__8Result2DFP11KartGamePad,Result2D.o,KamedaM.a,false
calcRaceRank__8Result2DFv,Result2D.o,KamedaM.a,false
calcGPRank__8Result2DFv,Result2D.o,KamedaM.a,false
calcResult__8Result2DFv,Result2D.o,KamedaM.a,false
calcVS__8Result2DFv,Result2D.o,KamedaM.a,false
calcTA__8Result2DFP11KartGamePad,Result2D.o,KamedaM.a,false
calcMG__8Result2DFv,Result2D.o,KamedaM.a,false
calcPASSWD__8Result2DFP11KartGamePad,Result2D.o,KamedaM.a,false
selectorGP__8Result2DFP11KartGamePad,Result2D.o,KamedaM.a,false
selectorVS__8Result2DFP11KartGamePad,Result2D.o,KamedaM.a,false
selectorTA__8Result2DFP11KartGamePad,Result2D.o,KamedaM.a,false
selectorMG__8Result2DFP11KartGamePad,Result2D.o,KamedaM.a,false
selectorCommon__8Result2DFv,Result2D.o,KamedaM.a,false
setDrawGP__8Result2DFv,Result2D.o,KamedaM.a,false
setDrawVS__8Result2DFv,Result2D.o,KamedaM.a,false
setDrawTA__8Result2DFv,Result2D.o,KamedaM.a,false
setDrawMG__8Result2DFv,Result2D.o,KamedaM.a,false
getResultSelector__8Result2DFv,Result2D.o,KamedaM.a,false
setRaceRank__8Result2DFv,Result2D.o,KamedaM.a,false
setGPRank__8Result2DFv,Result2D.o,KamedaM.a,false
setVS__8Result2DFv,Result2D.o,KamedaM.a,false
setTA__8Result2DFv,Result2D.o,KamedaM.a,false
setMG__8Result2DFv,Result2D.o,KamedaM.a,false
setBattleCharacter__8Result2DFv,Result2D.o,KamedaM.a,false
getRaceRankLayoutAlpha__8Result2DFiRUc,Result2D.o,KamedaM.a,false
getGPRankLayoutAlpha__8Result2DFiRUc,Result2D.o,KamedaM.a,false
getRaceRankLinePos__8Result2DFiiRf,Result2D.o,KamedaM.a,false
getGPRankLinePos__8Result2DFiiRf,Result2D.o,KamedaM.a,false
getResultLinePos__8Result2DFiRf,Result2D.o,KamedaM.a,false
getRaceRankLineScale__8Result2DFiiRQ29JGeometry8TVec2<f>RQ29JGeometry8TVec2<f>,Result2D.o,KamedaM.a,false
getGPRankLineScale__8Result2DFiiRQ29JGeometry8TVec2<f>RQ29JGeometry8TVec2<f>,Result2D.o,KamedaM.a,false
getFrameClr__8Result2DFiRQ28JUtility6TColorRUc,Result2D.o,KamedaM.a,false
getVSPointYPos__8Result2DFiiRf,Result2D.o,KamedaM.a,false
getMGPointYPos__8Result2DFiRf,Result2D.o,KamedaM.a,false
getVSScale__8Result2DFiRf,Result2D.o,KamedaM.a,false
getMGScale__8Result2DFiRf,Result2D.o,KamedaM.a,false
getVSColor__8Result2DFiRQ28JUtility6TColor,Result2D.o,KamedaM.a,false
getMGColor__8Result2DFiRQ28JUtility6TColor,Result2D.o,KamedaM.a,false
getFrameColor__8Result2DFRQ28JUtility6TColor,Result2D.o,KamedaM.a,false
getScale__8Result2DFi,Result2D.o,KamedaM.a,false
setScale__8Result2DFi,Result2D.o,KamedaM.a,false
setGPClr__8Result2DFv,Result2D.o,KamedaM.a,false
getAnmEnd__8Result2DFv,Result2D.o,KamedaM.a,false
__sinit_Result2D_cpp,Result2D.o,KamedaM.a,false
__ct__12SceneFactoryFv,SceneFactory.o,KamedaM.a,false
__dt__12SceneFactoryFv,SceneFactory.o,KamedaM.a,false
loadData__12SceneFactoryFQ25Scene9SceneTypeP7JKRHeap,SceneFactory.o,KamedaM.a,false
createScene__12SceneFactoryFQ25Scene9SceneTypeP7JKRHeap,SceneFactory.o,KamedaM.a,false
__ct__Q312SequenceInfo27@class$2947SequenceInfo_cpp27@class$2948SequenceInfo_cppFv,SequenceInfo.o,KamedaM.a,false
init__12SequenceInfoFv,SequenceInfo.o,KamedaM.a,false
setRandomSeed__12SequenceInfoFv,SequenceInfo.o,KamedaM.a,false
getRandom__12SequenceInfoFv,SequenceInfo.o,KamedaM.a,false
getDecidePad__12SequenceInfoFv,SequenceInfo.o,KamedaM.a,false
setClrGPCourse__12SequenceInfoFv,SequenceInfo.o,KamedaM.a,false
isEndGP__12SequenceInfoFv,SequenceInfo.o,KamedaM.a,false
isGameClr__12SequenceInfoFv,SequenceInfo.o,KamedaM.a,false
getPlayerRankGP__12SequenceInfoFv,SequenceInfo.o,KamedaM.a,false
getPad2Player__12SequenceInfoFP11KartGamePad,SequenceInfo.o,KamedaM.a,false
setSecretFlag__12SequenceInfoFv,SequenceInfo.o,KamedaM.a,false
setSecretGameAppear__12SequenceInfoFQ212SystemRecord8GameFlag,SequenceInfo.o,KamedaM.a,false
setSecretKartAppear__12SequenceInfoFQ212SystemRecord12SecretKartID,SequenceInfo.o,KamedaM.a,false
rndDemo__12SequenceInfoFUl,SequenceInfo.o,KamedaM.a,false
getDemoKart__12SequenceInfoF7ECharID,SequenceInfo.o,KamedaM.a,false
rndAllCupCourse__12SequenceInfoFv,SequenceInfo.o,KamedaM.a,false
__sinit_SequenceInfo_cpp,SequenceInfo.o,KamedaM.a,false
__ct__13PrintDvdErrorFP7JKRHeap,PrintDvdError.o,KamedaM.a,false
init__13PrintDvdErrorFi,PrintDvdError.o,KamedaM.a,false
draw__13PrintDvdErrorFv,PrintDvdError.o,KamedaM.a,false
calc__13PrintDvdErrorFv,PrintDvdError.o,KamedaM.a,false
__ct__6Race2DFP7JKRHeap,Race2D.o,KamedaM.a,false
getTranslateY__7J2DPaneCFv,Race2D.o,KamedaM.a,false
getTranslateX__7J2DPaneCFv,Race2D.o,KamedaM.a,false
__ct__Q28JUtility6TColorFRCQ28JUtility6TColor,Race2D.o,KamedaM.a,false
__ct<f>__Q29JGeometry8TVec2<f>Fff,Race2D.o,KamedaM.a,false
getTotalLapNumber__7RaceMgrCFv,Race2D.o,KamedaM.a,false
getPlayerNumber__7RaceMgrCFv,Race2D.o,KamedaM.a,false
getKartNumber__7RaceMgrCFv,Race2D.o,KamedaM.a,false
atan2__3stdFff,Race2D.o,KamedaM.a,false
RCMGetCourse__Fv,Race2D.o,KamedaM.a,false
__ct__Q28JUtility6TColorFUl,Race2D.o,KamedaM.a,false
isMirror__7RaceMgrCFv,Race2D.o,KamedaM.a,false
setS__11Race2DParamFf,Race2D.o,KamedaM.a,false
setY__11Race2DParamFf,Race2D.o,KamedaM.a,false
setX__11Race2DParamFf,Race2D.o,KamedaM.a,false
getCourseID__6ResMgrFv,Race2D.o,KamedaM.a,false
getParam__13Race2DHioNodeFv,Race2D.o,KamedaM.a,false
set__Q28JUtility6TColorF8_GXColor,Race2D.o,KamedaM.a,false
getNetFlag__10J2DManagerFv,Race2D.o,KamedaM.a,false
getConsoleNumber__7RaceMgrCFv,Race2D.o,KamedaM.a,false
__ct__13Race2DHioNodeFPCc,Race2D.o,KamedaM.a,false
__dt__11Race2DParamFv,Race2D.o,KamedaM.a,false
__ct__Q26Race2D21@class$3036Race2D_cppFv,Race2D.o,KamedaM.a,false
__ct__Q26Race2D21@class$3030Race2D_cppFv,Race2D.o,KamedaM.a,false
__ct__Q26Race2D21@class$3028Race2D_cppFv,Race2D.o,KamedaM.a,false
init__6Race2DFv,Race2D.o,KamedaM.a,false
__dt__13Race2DHioNodeFv,Race2D.o,KamedaM.a,false
drawPlayerMark__6Race2DFv,Race2D.o,KamedaM.a,false
drawMask__6Race2DFv,Race2D.o,KamedaM.a,false
draw__6Race2DFv,Race2D.o,KamedaM.a,false
drawAlarm__6Race2DFv,Race2D.o,KamedaM.a,false
anmTA__6Race2DFi,Race2D.o,KamedaM.a,false
getAlphaAnmTA__6Race2DFiRUc,Race2D.o,KamedaM.a,false
getBestTimeColor__6Race2DFiRQ28JUtility6TColorRQ210J2DPicture12TCornerColor,Race2D.o,KamedaM.a,false
getBestLapColor__6Race2DFiRQ28JUtility6TColor,Race2D.o,KamedaM.a,false
drawMiniGame__6Race2DFv,Race2D.o,KamedaM.a,false
drawBomb__6Race2DFv,Race2D.o,KamedaM.a,false
getWinBombPoint__11KartCheckerFv,Race2D.o,KamedaM.a,false
getBombScale__6Race2DFiii,Race2D.o,KamedaM.a,false
getReachBombScale__6Race2DFii,Race2D.o,KamedaM.a,false
drawEscape__6Race2DFv,Race2D.o,KamedaM.a,false
getStartShineTimeScale__6Race2DFi,Race2D.o,KamedaM.a,false
drawCourse__6Race2DFv,Race2D.o,KamedaM.a,false
calc__6Race2DFv,Race2D.o,KamedaM.a,false
calcPlayerMark__6Race2DFv,Race2D.o,KamedaM.a,false
calcParticle__6Race2DFv,Race2D.o,KamedaM.a,false
setLayoutData__6Race2DFv,Race2D.o,KamedaM.a,false
calcMiniGame__6Race2DFv,Race2D.o,KamedaM.a,false
calcBomb__6Race2DFv,Race2D.o,KamedaM.a,false
getBombColor__6Race2DFQ28JUtility6TColorQ28JUtility6TColor,Race2D.o,KamedaM.a,false
isBombReach__6Race2DFi,Race2D.o,KamedaM.a,false
isBombWinner__6Race2DFi,Race2D.o,KamedaM.a,false
setEffectPos__6Race2DFi,Race2D.o,KamedaM.a,false
calcEscape__6Race2DFv,Race2D.o,KamedaM.a,false
calcTimeFrame__6Race2DFbi,Race2D.o,KamedaM.a,false
getCornerColor__6Race2DFi,Race2D.o,KamedaM.a,false
setEscapeColor__6Race2DFi,Race2D.o,KamedaM.a,false
getTimeColor__6Race2DFQ28JUtility6TColorQ28JUtility6TColor,Race2D.o,KamedaM.a,false
startBombDemo__6Race2DFv,Race2D.o,KamedaM.a,false
isAlarm__6Race2DFi,Race2D.o,KamedaM.a,false
getMapPos__6Race2DFiRQ29JGeometry8TVec3<f>RQ29JGeometry8TVec2<f>,Race2D.o,KamedaM.a,false
getCharacterInfo__6Race2DFiiRfRfRf,Race2D.o,KamedaM.a,false
getCharacterClr__6Race2DFiiiRQ28JUtility6TColorRQ28JUtility6TColorRUc,Race2D.o,KamedaM.a,false
getItemInfo__6Race2DFiiiRfRfRf,Race2D.o,KamedaM.a,false
decideItem__6Race2DFiUcRi,Race2D.o,KamedaM.a,false
calcLapInit__6Race2DFv,Race2D.o,KamedaM.a,false
calcLap__6Race2DFv,Race2D.o,KamedaM.a,false
lapInit__6Race2DFv,Race2D.o,KamedaM.a,false
lapMain__6Race2DFv,Race2D.o,KamedaM.a,false
lapTimeInit__6Race2DFv,Race2D.o,KamedaM.a,false
lapTimeMain__6Race2DFv,Race2D.o,KamedaM.a,false
calcItem__6Race2DFv,Race2D.o,KamedaM.a,false
itemStartInit__6Race2DFv,Race2D.o,KamedaM.a,false
itemStart__6Race2DFv,Race2D.o,KamedaM.a,false
itemBlinkInit__6Race2DFv,Race2D.o,KamedaM.a,false
itemBlink__6Race2DFv,Race2D.o,KamedaM.a,false
itemGetInit__6Race2DFv,Race2D.o,KamedaM.a,false
itemGetMain__6Race2DFv,Race2D.o,KamedaM.a,false
itemSpecialInit__6Race2DFv,Race2D.o,KamedaM.a,false
itemSpecialMain__6Race2DFv,Race2D.o,KamedaM.a,false
setUsisi__6Race2DFi7ECharID,Race2D.o,KamedaM.a,false
alarmX__6Race2DFiRf,Race2D.o,KamedaM.a,false
getStartScaleA__6Race2DFiRf,Race2D.o,KamedaM.a,false
getStartScaleB__6Race2DFiRf,Race2D.o,KamedaM.a,false
getStartSpeedMeterScale__6Race2DFiiRf,Race2D.o,KamedaM.a,false
getGoalSpeedMeterPos__6Race2DFiRf,Race2D.o,KamedaM.a,false
getStartLapPos__6Race2DFiiRf,Race2D.o,KamedaM.a,false
getGoalLapPos__6Race2DFiRf,Race2D.o,KamedaM.a,false
getStartCharPos__6Race2DFiiRf,Race2D.o,KamedaM.a,false
getGoalCharPos__6Race2DFiiRf,Race2D.o,KamedaM.a,false
getThunderCharScale__6Race2DFi,Race2D.o,KamedaM.a,false
getStartRankPos__6Race2DFiiRQ29JGeometry8TVec2<f>,Race2D.o,KamedaM.a,false
getRaceRankScale__6Race2DFi,Race2D.o,KamedaM.a,false
getGoalRankPos__6Race2DFiiRQ29JGeometry8TVec2<f>,Race2D.o,KamedaM.a,false
getGoalRankScale__6Race2DFiiRf,Race2D.o,KamedaM.a,false
getGoalRankRot__6Race2DFiRf,Race2D.o,KamedaM.a,false
getStartLapTimePos__6Race2DFiiRf,Race2D.o,KamedaM.a,false
getGoalLapTimePos__6Race2DFiiRf,Race2D.o,KamedaM.a,false
__sinit_Race2D_cpp,Race2D.o,KamedaM.a,false
getColor__16ReadPrintMessageFPvi,ReadPrintMessage.o,KamedaM.a,false
getDefaultColor__16ReadPrintMessageFPv,ReadPrintMessage.o,KamedaM.a,false
getRate__16ReadPrintMessageFPvi,ReadPrintMessage.o,KamedaM.a,false
getCharSpace__16ReadPrintMessageFPvi,ReadPrintMessage.o,KamedaM.a,false
getMessage__16ReadPrintMessageFPvi,ReadPrintMessage.o,KamedaM.a,false
tagCnv__16ReadPrintMessageFPcPvQ210J2DTextBox9TFontSizeiPc,ReadPrintMessage.o,KamedaM.a,false
getBmgMessageID__16ReadPrintMessageFQ213PrintDvdError9MessageID,ReadPrintMessage.o,KamedaM.a,false
getBmgMessageID__16ReadPrintMessageFQ216PrintProgressive9MessageID,ReadPrintMessage.o,KamedaM.a,false
getBmgMessageID__16ReadPrintMessageFQ215PrintMemoryCard9MessageID,ReadPrintMessage.o,KamedaM.a,false
getBmgMessageID__16ReadPrintMessageFi,ReadPrintMessage.o,KamedaM.a,false
__ct__16PrintProgressiveFP7JKRHeap,PrintProgressive.o,KamedaM.a,false
init__16PrintProgressiveFQ216PrintProgressive9MessageID,PrintProgressive.o,KamedaM.a,false
draw__16PrintProgressiveFv,PrintProgressive.o,KamedaM.a,false
calc__16PrintProgressiveFi,PrintProgressive.o,KamedaM.a,false
isMessage__16PrintProgressiveFv,PrintProgressive.o,KamedaM.a,false
isChoice__16PrintProgressiveFv,PrintProgressive.o,KamedaM.a,false
getCounter__16PrintProgressiveFv,PrintProgressive.o,KamedaM.a,false
__sinit_PrintProgressive_cpp,PrintProgressive.o,KamedaM.a,false
__ct__15PrintMemoryCardFP7JKRHeap,PrintMemoryCard.o,KamedaM.a,false
reset__15PrintMemoryCardFv,PrintMemoryCard.o,KamedaM.a,false
init__15PrintMemoryCardFQ215PrintMemoryCard9MessageID,PrintMemoryCard.o,KamedaM.a,false
changeMessage__15PrintMemoryCardFv,PrintMemoryCard.o,KamedaM.a,false
draw__15PrintMemoryCardFv,PrintMemoryCard.o,KamedaM.a,false
calc__15PrintMemoryCardFv,PrintMemoryCard.o,KamedaM.a,false
closeWindow__15PrintMemoryCardFv,PrintMemoryCard.o,KamedaM.a,false
closeWindowNoSe__15PrintMemoryCardFv,PrintMemoryCard.o,KamedaM.a,false
setBmgPtr__15PrintMemoryCardFv,PrintMemoryCard.o,KamedaM.a,false
isMessage__15PrintMemoryCardFv,PrintMemoryCard.o,KamedaM.a,false
getChoiceType__15PrintMemoryCardFv,PrintMemoryCard.o,KamedaM.a,false
getWindowSize__15PrintMemoryCardFv,PrintMemoryCard.o,KamedaM.a,false
getWindowColor__15PrintMemoryCardFv,PrintMemoryCard.o,KamedaM.a,false
__sinit_PrintMemoryCard_cpp,PrintMemoryCard.o,KamedaM.a,false
__ct__9PreRace2DFP7JKRHeap,PreRace2D.o,KamedaM.a,false
__dt__14PreRace2DParamFv,PreRace2D.o,KamedaM.a,false
init__9PreRace2DFv,PreRace2D.o,KamedaM.a,false
__dt__16PreRace2DHioNodeFv,PreRace2D.o,KamedaM.a,false
draw__9PreRace2DFv,PreRace2D.o,KamedaM.a,false
calc__9PreRace2DFv,PreRace2D.o,KamedaM.a,false
setGP__9PreRace2DFv,PreRace2D.o,KamedaM.a,false
setVS__9PreRace2DFv,PreRace2D.o,KamedaM.a,false
setTA__9PreRace2DFv,PreRace2D.o,KamedaM.a,false
setBalloon__9PreRace2DFv,PreRace2D.o,KamedaM.a,false
setBomb__9PreRace2DFv,PreRace2D.o,KamedaM.a,false
setEscape__9PreRace2DFv,PreRace2D.o,KamedaM.a,false
setLap__9PreRace2DFv,PreRace2D.o,KamedaM.a,false
setMirror__9PreRace2DFv,PreRace2D.o,KamedaM.a,false
changeTexture__9PreRace2DFPCcP10J2DPicture,PreRace2D.o,KamedaM.a,false
start__9PreRace2DFv,PreRace2D.o,KamedaM.a,false
__sinit_PreRace2D_cpp,PreRace2D.o,KamedaM.a,false
__ct__4Go2DFP7JKRHeap,Go2D.o,KamedaM.a,false
__dt__9Go2DParamFv,Go2D.o,KamedaM.a,false
init__4Go2DFv,Go2D.o,KamedaM.a,false
__dt__11Go2DHioNodeFv,Go2D.o,KamedaM.a,false
draw__4Go2DFv,Go2D.o,KamedaM.a,false
calc__4Go2DFv,Go2D.o,KamedaM.a,false
__sinit_Go2D_cpp,Go2D.o,KamedaM.a,false
__ct__5MarioFP7JKRHeap,Mario.o,KamedaM.a,false
init__5MarioFv,Mario.o,KamedaM.a,false
draw__5MarioFfQ28JUtility6TColor,Mario.o,KamedaM.a,false
__sinit_Mario_cpp,Mario.o,KamedaM.a,false
__ct__9SceneMenuFP10JKRArchiveP7JKRHeap,SceneMenu.o,KamedaM.a,false
scissor__14J2DGrafContextFffff,SceneMenu.o,KamedaM.a,false
setFontColor__10J2DTextBoxFQ28JUtility6TColorQ28JUtility6TColor,SceneMenu.o,KamedaM.a,false
getFontSize__10J2DTextBoxCFRQ210J2DTextBox9TFontSize,SceneMenu.o,KamedaM.a,false
getCharIconTexture__12Kart2DCommonF7ECharID,SceneMenu.o,KamedaM.a,false
create__13MenuTitleLineFP10JKRArchiveP7JKRHeap,SceneMenu.o,KamedaM.a,false
create__14MenuBackgroundFP10JKRArchive,SceneMenu.o,KamedaM.a,false
CreateJPAMgr__FP7JKRHeapb,SceneMenu.o,KamedaM.a,false
create__17CharacterSelect3DFP7JKRHeap,SceneMenu.o,KamedaM.a,false
reset__9SceneMenuFv,SceneMenu.o,KamedaM.a,false
init__9SceneMenuFv,SceneMenu.o,KamedaM.a,false
__dt__9SceneMenuFv,SceneMenu.o,KamedaM.a,false
draw__9SceneMenuFv,SceneMenu.o,KamedaM.a,false
calc__9SceneMenuFv,SceneMenu.o,KamedaM.a,false
calcModeAnm__9SceneMenuFv,SceneMenu.o,KamedaM.a,false
caleEngine__9SceneMenuFPQ29SceneMenu7BckData,SceneMenu.o,KamedaM.a,false
calcEngineMoji__9SceneMenuFPQ29SceneMenu7BckData,SceneMenu.o,KamedaM.a,false
calcEnginePic__9SceneMenuFPQ29SceneMenu7BckData,SceneMenu.o,KamedaM.a,false
calcEngineBrkAnm__9SceneMenuFPQ29SceneMenu7BrkData,SceneMenu.o,KamedaM.a,false
calcModeOrder__9SceneMenuFv,SceneMenu.o,KamedaM.a,false
entry_init__9SceneMenuFv,SceneMenu.o,KamedaM.a,false
entry__9SceneMenuFv,SceneMenu.o,KamedaM.a,false
entry_end__9SceneMenuFv,SceneMenu.o,KamedaM.a,false
vs_init__9SceneMenuFv,SceneMenu.o,KamedaM.a,false
vs__9SceneMenuFv,SceneMenu.o,KamedaM.a,false
vs_end__9SceneMenuFv,SceneMenu.o,KamedaM.a,false
mode_init__9SceneMenuFv,SceneMenu.o,KamedaM.a,false
mode__9SceneMenuFv,SceneMenu.o,KamedaM.a,false
mode_end__9SceneMenuFv,SceneMenu.o,KamedaM.a,false
battle_init__9SceneMenuFv,SceneMenu.o,KamedaM.a,false
battle__9SceneMenuFv,SceneMenu.o,KamedaM.a,false
battle_end__9SceneMenuFv,SceneMenu.o,KamedaM.a,false
character_init__9SceneMenuFv,SceneMenu.o,KamedaM.a,false
character__9SceneMenuFv,SceneMenu.o,KamedaM.a,false
character_end__9SceneMenuFv,SceneMenu.o,KamedaM.a,false
nextScene__9SceneMenuFv,SceneMenu.o,KamedaM.a,false
selectA__9SceneMenuFi,SceneMenu.o,KamedaM.a,false
selectB__9SceneMenuFi,SceneMenu.o,KamedaM.a,false
selectUp__9SceneMenuFi,SceneMenu.o,KamedaM.a,false
selectDown__9SceneMenuFi,SceneMenu.o,KamedaM.a,false
selectLeft__9SceneMenuFi,SceneMenu.o,KamedaM.a,false
selectRight__9SceneMenuFi,SceneMenu.o,KamedaM.a,false
selectZ__9SceneMenuFi,SceneMenu.o,KamedaM.a,false
isSelectAnm__9SceneMenuFi,SceneMenu.o,KamedaM.a,false
moveCursor__9SceneMenuFiQ29SceneMenu6Cursor,SceneMenu.o,KamedaM.a,false
isRndRoulette__9SceneMenuFv,SceneMenu.o,KamedaM.a,false
rndRoulette__9SceneMenuFv,SceneMenu.o,KamedaM.a,false
rndSelect__9SceneMenuFv,SceneMenu.o,KamedaM.a,false
setCharacterFlag__9SceneMenuFv,SceneMenu.o,KamedaM.a,false
getKart__9SceneMenuFii,SceneMenu.o,KamedaM.a,false
changeKart__9SceneMenuFiiii,SceneMenu.o,KamedaM.a,false
characterAnm__9SceneMenuFv,SceneMenu.o,KamedaM.a,false
characterOkWaitAnm__9SceneMenuFv,SceneMenu.o,KamedaM.a,false
setChar1Plus__9SceneMenuFv,SceneMenu.o,KamedaM.a,false
setRaceData__9SceneMenuFv,SceneMenu.o,KamedaM.a,false
setCharSelFlag__9SceneMenuFv,SceneMenu.o,KamedaM.a,false
useCharSel__9SceneMenuFii,SceneMenu.o,KamedaM.a,false
getCharSel__9SceneMenuFRiRi,SceneMenu.o,KamedaM.a,false
getRndCharSel__9SceneMenuFRiRi,SceneMenu.o,KamedaM.a,false
changeText__9SceneMenuFv,SceneMenu.o,KamedaM.a,false
__sinit_SceneMenu_cpp,SceneMenu.o,KamedaM.a,false
__ct__6Demo2DFP7JKRHeap,Demo2D.o,KamedaM.a,false
__dt__11Demo2DParamFv,Demo2D.o,KamedaM.a,false
init__6Demo2DFv,Demo2D.o,KamedaM.a,false
__dt__13Demo2DHioNodeFv,Demo2D.o,KamedaM.a,false
draw__6Demo2DFv,Demo2D.o,KamedaM.a,false
calc__6Demo2DFv,Demo2D.o,KamedaM.a,false
__sinit_Demo2D_cpp,Demo2D.o,KamedaM.a,false
__ct__7Go3212DFP7JKRHeap,Go3212D.o,KamedaM.a,false
__dt__12Go3212DParamFv,Go3212D.o,KamedaM.a,false
init__7Go3212DFv,Go3212D.o,KamedaM.a,false
__dt__14Go3212DHioNodeFv,Go3212D.o,KamedaM.a,false
draw__7Go3212DFv,Go3212D.o,KamedaM.a,false
calc__7Go3212DFv,Go3212D.o,KamedaM.a,false
__sinit_Go3212D_cpp,Go3212D.o,KamedaM.a,false
__ct__22CharacterSelect3DParamFv,CharacterSelect3D.o,KamedaM.a,false
__ct__17CharacterSelect3DFP7JKRHeap,CharacterSelect3D.o,KamedaM.a,false
__ct__Q217CharacterSelect3D32@class$2718CharacterSelect3D_cppFv,CharacterSelect3D.o,KamedaM.a,false
__ct__Q217CharacterSelect3D32@class$2717CharacterSelect3D_cppFv,CharacterSelect3D.o,KamedaM.a,false
init__17CharacterSelect3DFv,CharacterSelect3D.o,KamedaM.a,false
__dt__17CharacterSelect3DFv,CharacterSelect3D.o,KamedaM.a,false
draw__17CharacterSelect3DFif,CharacterSelect3D.o,KamedaM.a,false
__dt__12SimpleDrawerFv,CharacterSelect3D.o,KamedaM.a,false
getEffectMtx__12MenuSubLightFv,CharacterSelect3D.o,KamedaM.a,false
getEffectMtx__14MenuSceneLightFv,CharacterSelect3D.o,KamedaM.a,false
draw__17CharacterSelect3DFifQ29JGeometry8TVec3<f>Q29JGeometry8TVec3<f>,CharacterSelect3D.o,KamedaM.a,false
calc__17CharacterSelect3DFv,CharacterSelect3D.o,KamedaM.a,false
setCharacter__17CharacterSelect3DFii7ECharIDQ29JGeometry8TVec3<f>Q29JGeometry8TVec3<f>f,CharacterSelect3D.o,KamedaM.a,false
setCharacterStatus__17CharacterSelect3DFiiQ217CharacterSelect3D16CHARACTER_STATUS,CharacterSelect3D.o,KamedaM.a,false
setKart__17CharacterSelect3DFi7EKartIDQ29JGeometry8TVec3<f>Q29JGeometry8TVec3<f>f,CharacterSelect3D.o,KamedaM.a,false
isCancel__17CharacterSelect3DFi,CharacterSelect3D.o,KamedaM.a,false
isNext__17CharacterSelect3DFi,CharacterSelect3D.o,KamedaM.a,false
getCameraMatrix__17CharacterSelect3DFv,CharacterSelect3D.o,KamedaM.a,false
getFovy__17CharacterSelect3DFv,CharacterSelect3D.o,KamedaM.a,false
calcCharacter__17CharacterSelect3DFii7ECharIDQ29JGeometry8TVec3<f>Q29JGeometry8TVec3<f>f,CharacterSelect3D.o,KamedaM.a,false
drawKart__17CharacterSelect3DF7EKartID,CharacterSelect3D.o,KamedaM.a,false
calcRotTrans__17CharacterSelect3DFPA4_fQ29JGeometry8TVec3<f>Q29JGeometry8TVec3<f>,CharacterSelect3D.o,KamedaM.a,false
__dt__22CharacterSelect3DParamFv,CharacterSelect3D.o,KamedaM.a,false
__sinit_CharacterSelect3D_cpp,CharacterSelect3D.o,KamedaM.a,false
__ct__17SceneCourseSelectFP10JKRArchiveP7JKRHeap,SceneCourseSelect.o,KamedaM.a,false
reset__17SceneCourseSelectFv,SceneCourseSelect.o,KamedaM.a,false
init__17SceneCourseSelectFv,SceneCourseSelect.o,KamedaM.a,false
__dt__17SceneCourseSelectFv,SceneCourseSelect.o,KamedaM.a,false
draw__17SceneCourseSelectFv,SceneCourseSelect.o,KamedaM.a,false
calc__17SceneCourseSelectFv,SceneCourseSelect.o,KamedaM.a,false
course_init__17SceneCourseSelectFv,SceneCourseSelect.o,KamedaM.a,false
course__17SceneCourseSelectFv,SceneCourseSelect.o,KamedaM.a,false
buttonA__17SceneCourseSelectFv,SceneCourseSelect.o,KamedaM.a,false
buttonB__17SceneCourseSelectFv,SceneCourseSelect.o,KamedaM.a,false
course_end__17SceneCourseSelectFv,SceneCourseSelect.o,KamedaM.a,false
nextScene__17SceneCourseSelectFv,SceneCourseSelect.o,KamedaM.a,false
nextRace__17SceneCourseSelectFv,SceneCourseSelect.o,KamedaM.a,false
calcAnm__17SceneCourseSelectFv,SceneCourseSelect.o,KamedaM.a,false
setTexture__17SceneCourseSelectFv,SceneCourseSelect.o,KamedaM.a,false
setRivalKart__17SceneCourseSelectFv,SceneCourseSelect.o,KamedaM.a,false
setStartNo__17SceneCourseSelectFv,SceneCourseSelect.o,KamedaM.a,false
rndRoulette__17SceneCourseSelectFv,SceneCourseSelect.o,KamedaM.a,false
__sinit_SceneCourseSelect_cpp,SceneCourseSelect.o,KamedaM.a,false
append__Q218SceneGhostLoadSave18GhostFileInfoTableFlUlR8TARecord,SceneGhostLoadSave.o,KamedaM.a,false
convCrsID__Q218SceneGhostLoadSave18GhostFileInfoTableFUc,SceneGhostLoadSave.o,KamedaM.a,false
searchPane__Q218SceneGhostLoadSave4CardFUcP9J2DScreen,SceneGhostLoadSave.o,KamedaM.a,false
setCardInfo__Q218SceneGhostLoadSave4CardFv,SceneGhostLoadSave.o,KamedaM.a,false
process__Q218SceneGhostLoadSave4CardFv,SceneGhostLoadSave.o,KamedaM.a,false
unselect__Q218SceneGhostLoadSave4CardFv,SceneGhostLoadSave.o,KamedaM.a,false
insertCard__Q218SceneGhostLoadSave4CardFv,SceneGhostLoadSave.o,KamedaM.a,false
error__Q218SceneGhostLoadSave4CardFv,SceneGhostLoadSave.o,KamedaM.a,false
calcAnm__Q218SceneGhostLoadSave4CardFv,SceneGhostLoadSave.o,KamedaM.a,false
calcAnm__Q218SceneGhostLoadSave7QuitBtnFv,SceneGhostLoadSave.o,KamedaM.a,false
setup__Q218SceneGhostLoadSave10SelectSlotFP10JKRArchiveP7JKRHeap,SceneGhostLoadSave.o,KamedaM.a,false
init__Q218SceneGhostLoadSave10SelectSlotFv,SceneGhostLoadSave.o,KamedaM.a,false
processCard__Q218SceneGhostLoadSave10SelectSlotFv,SceneGhostLoadSave.o,KamedaM.a,false
watchCardState__Q218SceneGhostLoadSave10SelectSlotFv,SceneGhostLoadSave.o,KamedaM.a,false
selectSlot__Q218SceneGhostLoadSave10SelectSlotFv,SceneGhostLoadSave.o,KamedaM.a,false
frameIn__Q218SceneGhostLoadSave10SelectSlotFv,SceneGhostLoadSave.o,KamedaM.a,false
setup__Q218SceneGhostLoadSave12GDInexLineVCFP10JKRArchiveP7JKRHeapb,SceneGhostLoadSave.o,KamedaM.a,false
updateInfo__Q218SceneGhostLoadSave12GDInexLineVCFv,SceneGhostLoadSave.o,KamedaM.a,false
setup__Q218SceneGhostLoadSave15GDIndexLayoutVCFP10JKRArchiveP7JKRHeap,SceneGhostLoadSave.o,KamedaM.a,false
setCard__Q218SceneGhostLoadSave15GDIndexLayoutVCFPQ218SceneGhostLoadSave4Card,SceneGhostLoadSave.o,KamedaM.a,false
selectData__Q218SceneGhostLoadSave15GDIndexLayoutVCFv,SceneGhostLoadSave.o,KamedaM.a,false
scrollUp__Q218SceneGhostLoadSave15GDIndexLayoutVCFv,SceneGhostLoadSave.o,KamedaM.a,false
scrollDown__Q218SceneGhostLoadSave15GDIndexLayoutVCFv,SceneGhostLoadSave.o,KamedaM.a,false
shiftUp__Q218SceneGhostLoadSave15GDIndexLayoutVCFv,SceneGhostLoadSave.o,KamedaM.a,false
calcAnm__Q218SceneGhostLoadSave15GDIndexLayoutVCFv,SceneGhostLoadSave.o,KamedaM.a,false
__ct__18SceneGhostLoadSaveFP10JKRArchiveP7JKRHeap,SceneGhostLoadSave.o,KamedaM.a,false
__ct__Q218SceneGhostLoadSave4CardFv,SceneGhostLoadSave.o,KamedaM.a,false
__ct__Q218SceneGhostLoadSave13GhostFileInfoFv,SceneGhostLoadSave.o,KamedaM.a,false
init__18SceneGhostLoadSaveFv,SceneGhostLoadSave.o,KamedaM.a,false
__dt__18SceneGhostLoadSaveFv,SceneGhostLoadSave.o,KamedaM.a,false
draw__18SceneGhostLoadSaveFv,SceneGhostLoadSave.o,KamedaM.a,false
calc__18SceneGhostLoadSaveFv,SceneGhostLoadSave.o,KamedaM.a,false
startFadeIn__18SceneGhostLoadSaveFv,SceneGhostLoadSave.o,KamedaM.a,false
checkCard__18SceneGhostLoadSaveFv,SceneGhostLoadSave.o,KamedaM.a,false
fadeIn__18SceneGhostLoadSaveFv,SceneGhostLoadSave.o,KamedaM.a,false
frameInSlot__18SceneGhostLoadSaveFv,SceneGhostLoadSave.o,KamedaM.a,false
selectSlot__18SceneGhostLoadSaveFv,SceneGhostLoadSave.o,KamedaM.a,false
confirm__18SceneGhostLoadSaveFv,SceneGhostLoadSave.o,KamedaM.a,false
frameOutSlot__18SceneGhostLoadSaveFv,SceneGhostLoadSave.o,KamedaM.a,false
frameInData__18SceneGhostLoadSaveFv,SceneGhostLoadSave.o,KamedaM.a,false
selectData__18SceneGhostLoadSaveFv,SceneGhostLoadSave.o,KamedaM.a,false
ghostSaveLoad__18SceneGhostLoadSaveFv,SceneGhostLoadSave.o,KamedaM.a,false
frameOutData__18SceneGhostLoadSaveFv,SceneGhostLoadSave.o,KamedaM.a,false
nextScene__18SceneGhostLoadSaveFv,SceneGhostLoadSave.o,KamedaM.a,false
prevScene__18SceneGhostLoadSaveFv,SceneGhostLoadSave.o,KamedaM.a,false
__sinit_SceneGhostLoadSave_cpp,SceneGhostLoadSave.o,KamedaM.a,false
__ct__11PrintWindowFP7JKRHeap,PrintWindow.o,KamedaM.a,false
init__11PrintWindowFv,PrintWindow.o,KamedaM.a,false
draw__11PrintWindowFv,PrintWindow.o,KamedaM.a,false
calc__11PrintWindowFv,PrintWindow.o,KamedaM.a,false
getTextBox__11PrintWindowFv,PrintWindow.o,KamedaM.a,false
getBaseFontSize__11PrintWindowFv,PrintWindow.o,KamedaM.a,false
__ct__12CourseName2DFP10JKRArchive,CourseName2D.o,KamedaM.a,false
__dt__12CourseName2DFv,CourseName2D.o,KamedaM.a,false
getCourseNameTexture__12CourseName2DF9ECourseID,CourseName2D.o,KamedaM.a,false
__sinit_CourseName2D_cpp,CourseName2D.o,KamedaM.a,false
__ct__13SceneLanEntryFP10JKRArchiveP7JKRHeap,SceneLanEntry.o,KamedaM.a,false
init__13SceneLanEntryFv,SceneLanEntry.o,KamedaM.a,false
__dt__13SceneLanEntryFv,SceneLanEntry.o,KamedaM.a,false
draw__13SceneLanEntryFv,SceneLanEntry.o,KamedaM.a,false
debugDraw__13SceneLanEntryFv,SceneLanEntry.o,KamedaM.a,false
calc__13SceneLanEntryFv,SceneLanEntry.o,KamedaM.a,false
start__13SceneLanEntryFv,SceneLanEntry.o,KamedaM.a,false
waitLink__13SceneLanEntryFv,SceneLanEntry.o,KamedaM.a,false
waitIPGet__13SceneLanEntryFv,SceneLanEntry.o,KamedaM.a,false
waitSearch__13SceneLanEntryFv,SceneLanEntry.o,KamedaM.a,false
waitSetup__13SceneLanEntryFv,SceneLanEntry.o,KamedaM.a,false
waitSleep__13SceneLanEntryFv,SceneLanEntry.o,KamedaM.a,false
waitEnd__13SceneLanEntryFv,SceneLanEntry.o,KamedaM.a,false
waitButton__13SceneLanEntryFv,SceneLanEntry.o,KamedaM.a,false
nextScene__13SceneLanEntryFv,SceneLanEntry.o,KamedaM.a,false
backScene__13SceneLanEntryFv,SceneLanEntry.o,KamedaM.a,false
error__13SceneLanEntryFQ313SceneLanEntry6Window7Message,SceneLanEntry.o,KamedaM.a,false
debug__13SceneLanEntryFv,SceneLanEntry.o,KamedaM.a,false
__sinit_SceneLanEntry_cpp,SceneLanEntry.o,KamedaM.a,false
__ct__14SceneMapSelectFP10JKRArchiveP7JKRHeap,SceneMapSelect.o,KamedaM.a,false
reset__14SceneMapSelectFv,SceneMapSelect.o,KamedaM.a,false
init__14SceneMapSelectFv,SceneMapSelect.o,KamedaM.a,false
__dt__14SceneMapSelectFv,SceneMapSelect.o,KamedaM.a,false
draw__14SceneMapSelectFv,SceneMapSelect.o,KamedaM.a,false
calc__14SceneMapSelectFv,SceneMapSelect.o,KamedaM.a,false
map_init__14SceneMapSelectFv,SceneMapSelect.o,KamedaM.a,false
map__14SceneMapSelectFv,SceneMapSelect.o,KamedaM.a,false
buttonA__14SceneMapSelectFv,SceneMapSelect.o,KamedaM.a,false
buttonB__14SceneMapSelectFv,SceneMapSelect.o,KamedaM.a,false
map_end__14SceneMapSelectFv,SceneMapSelect.o,KamedaM.a,false
nextScene__14SceneMapSelectFv,SceneMapSelect.o,KamedaM.a,false
nextBattle__14SceneMapSelectFv,SceneMapSelect.o,KamedaM.a,false
calcAnm__14SceneMapSelectFv,SceneMapSelect.o,KamedaM.a,false
rndRoulette__14SceneMapSelectFv,SceneMapSelect.o,KamedaM.a,false
__sinit_SceneMapSelect_cpp,SceneMapSelect.o,KamedaM.a,false
__ct__12BattleName2DFP10JKRArchive,BattleName2D.o,KamedaM.a,false
__dt__12BattleName2DFv,BattleName2D.o,KamedaM.a,false
getBattleNameTexture__12BattleName2DFQ212BattleName2D10BattleName,BattleName2D.o,KamedaM.a,false
__sinit_BattleName2D_cpp,BattleName2D.o,KamedaM.a,false
__ct__10LapGhost2DFP7JKRHeap,LapGhost2D.o,KamedaM.a,false
init__10LapGhost2DFv,LapGhost2D.o,KamedaM.a,false
draw__10LapGhost2DFv,LapGhost2D.o,KamedaM.a,false
calc__10LapGhost2DFv,LapGhost2D.o,KamedaM.a,false
start__10LapGhost2DF8RaceTimei,LapGhost2D.o,KamedaM.a,false
__sinit_LapGhost2D_cpp,LapGhost2D.o,KamedaM.a,false
__ct__13CanNotSaveG2DFP7JKRHeap,CanNotSaveG2D.o,KamedaM.a,false
init__13CanNotSaveG2DFv,CanNotSaveG2D.o,KamedaM.a,false
draw__13CanNotSaveG2DFv,CanNotSaveG2D.o,KamedaM.a,false
calc__13CanNotSaveG2DFv,CanNotSaveG2D.o,KamedaM.a,false
__sinit_CanNotSaveG2D_cpp,CanNotSaveG2D.o,KamedaM.a,false
__ct__11LANResult2DFP7JKRHeap,LANResult2D.o,KamedaM.a,false
__dt__16LANResult2DParamFv,LANResult2D.o,KamedaM.a,false
init__11LANResult2DFv,LANResult2D.o,KamedaM.a,false
__dt__18LANResult2DHioNodeFv,LANResult2D.o,KamedaM.a,false
draw__11LANResult2DFv,LANResult2D.o,KamedaM.a,false
calc__11LANResult2DFv,LANResult2D.o,KamedaM.a,false
start__11LANResult2DFi,LANResult2D.o,KamedaM.a,false
__sinit_LANResult2D_cpp,LANResult2D.o,KamedaM.a,false
__ct__8LANNum2DFP7JKRHeap,LANNum2D.o,KamedaM.a,false
__dt__13LANNum2DParamFv,LANNum2D.o,KamedaM.a,false
setDraw1__8LANNum2DFv,LANNum2D.o,KamedaM.a,false
setDraw2__8LANNum2DFv,LANNum2D.o,KamedaM.a,false
setDraw4__8LANNum2DFv,LANNum2D.o,KamedaM.a,false
init__8LANNum2DFv,LANNum2D.o,KamedaM.a,false
__dt__15LANNum2DHioNodeFv,LANNum2D.o,KamedaM.a,false
draw__8LANNum2DFv,LANNum2D.o,KamedaM.a,false
calc__8LANNum2DFv,LANNum2D.o,KamedaM.a,false
start__8LANNum2DFv,LANNum2D.o,KamedaM.a,false
start2__8LANNum2DFv,LANNum2D.o,KamedaM.a,false
__sinit_LANNum2D_cpp,LANNum2D.o,KamedaM.a,false
__ct__5Cup2DFP10JKRArchive,Cup2D.o,KamedaM.a,false
__dt__5Cup2DFv,Cup2D.o,KamedaM.a,false
getCupTexture__5Cup2DF10ERaceGpCupi,Cup2D.o,KamedaM.a,false
__sinit_Cup2D_cpp,Cup2D.o,KamedaM.a,false
__ct__11BombStart2DFP7JKRHeap,BombStart2D.o,KamedaM.a,false
init__11BombStart2DFv,BombStart2D.o,KamedaM.a,false
draw__11BombStart2DFv,BombStart2D.o,KamedaM.a,false
calc__11BombStart2DFv,BombStart2D.o,KamedaM.a,false
start__11BombStart2DFv,BombStart2D.o,KamedaM.a,false
__sinit_BombStart2D_cpp,BombStart2D.o,KamedaM.a,false
