__ct__15DriverDataChildFv,driverData.o,KawanoM.a,false
create__10DriverDataFv,driverData.o,KawanoM.a,false
__dt__10DriverDataFv,driverData.o,KawanoM.a,false
__dt__15DriverDataChildFv,driverData.o,KawanoM.a,false
__sinit_driverData_cpp,driverData.o,KawanoM.a,false
__arraydtor$2177,driverData.o,KawanoM.a,false
__ct__11DriverModelFP10KartLoaderiUsbi,driver.o,KawanoM.a,false
reset__16OneShotAnimator2Fv,driver.o,KawanoM.a,false
__ct__16OneShotAnimator2Fv,driver.o,KawanoM.a,false
convCharIDToDataID__11DriverModelF7ECharID,driver.o,KawanoM.a,false
init_ik__11DriverModelFi,driver.o,KawanoM.a,false
init__11DriverModelFi,driver.o,KawanoM.a,false
initMtxCalc__11DriverModelFv,driver.o,KawanoM.a,false
initAnmTrans_BossPakkun__11DriverModelFP15J3DAnmTransform,driver.o,KawanoM.a,false
InitMpaMtxCalc__11DriverModelFQ211DriverModel9StateEnumP15J3DAnmTransformP15J3DAnmTransformP15J3DAnmTransformP15J3DAnmTransform,driver.o,KawanoM.a,false
restart__11DriverModelFi,driver.o,KawanoM.a,false
setDriveAnm__11DriverModelFf,driver.o,KawanoM.a,false
setTandemAnm__11DriverModelFff,driver.o,KawanoM.a,false
Start1ShotAnm_base__11DriverModelFP15DriversAnimatorQ211DriverModel9StateEnum,driver.o,KawanoM.a,false
start__16OneShotAnimator2Fv,driver.o,KawanoM.a,false
StartAnimation2__11DriverModelFv,driver.o,KawanoM.a,false
StartAnimation__11DriverModelFQ211DriverModel9StateEnum,driver.o,KawanoM.a,false
updateFrame__11DriverModelFv,driver.o,KawanoM.a,false
updateFrame_base__11DriverModelFP15DriversAnimatorQ211DriverModel9StateEnum,driver.o,KawanoM.a,false
updateSetFrame__11DriverModelFv,driver.o,KawanoM.a,false
updateLoad_Animation__11DriverModelFv,driver.o,KawanoM.a,false
updateLoad__11DriverModelFv,driver.o,KawanoM.a,false
updateCheckRenew_Animation__11DriverModelFv,driver.o,KawanoM.a,false
updateCheckRenew__11DriverModelFv,driver.o,KawanoM.a,false
updateBlendCount__11DriverModelFv,driver.o,KawanoM.a,false
updateSetBlendWeight_GetBlendTime__11DriverModelFQ211DriverModel9StateEnum,driver.o,KawanoM.a,false
updateSetBlendWeight__11DriverModelFv,driver.o,KawanoM.a,false
update__11DriverModelFUs,driver.o,KawanoM.a,false
createModel__11DriverModelFP12JKRSolidHeapUlUl,driver.o,KawanoM.a,false
setCurrentViewNo__11DriverModelFUl,driver.o,KawanoM.a,false
setItem__11DriverModelFP7ItemObj,driver.o,KawanoM.a,false
resetItem__11DriverModelFv,driver.o,KawanoM.a,false
getMtxP_HandR__11DriverModelFv,driver.o,KawanoM.a,false
getMtxP_HandR2__11DriverModelFv,driver.o,KawanoM.a,false
getMtxP__11DriverModelFi,driver.o,KawanoM.a,false
getAnmTransformPtr__11DriverModelFi,driver.o,KawanoM.a,false
IsAnmResInMRAM__11DriverModelFi,driver.o,KawanoM.a,false
IsAnmSoundResInMRAM__11DriverModelFi,driver.o,KawanoM.a,false
__dt__11DriverModelFv,driver.o,KawanoM.a,false
start__12NullAnimatorFv,driver.o,KawanoM.a,false
stop__12NullAnimatorFv,driver.o,KawanoM.a,false
reset__12NullAnimatorFv,driver.o,KawanoM.a,false
update__12NullAnimatorFv,driver.o,KawanoM.a,false
__sinit_driver_cpp,driver.o,KawanoM.a,false
__ct__12DriverLoaderFi,driverMgr.o,KawanoM.a,false
convAnmIDToKeepID__12DriverLoaderFQ212DriverLoader7AnmEnum,driverMgr.o,KawanoM.a,false
getAnmFile__12DriverLoaderFi,driverMgr.o,KawanoM.a,false
convSndIDToKeepID__12DriverLoaderFQ212DriverLoader12AnmSoundEnum,driverMgr.o,KawanoM.a,false
getSoundDataFile__12DriverLoaderFi,driverMgr.o,KawanoM.a,false
createModelData__12DriverLoaderFii,driverMgr.o,KawanoM.a,false
__ct__13DriverManagerFv,driverMgr.o,KawanoM.a,false
__dt__13DriverManagerFv,driverMgr.o,KawanoM.a,false
ptr__13DriverManagerFv,driverMgr.o,KawanoM.a,false
getFolderName_Sound__13DriverManagerFii,driverMgr.o,KawanoM.a,false
SetDriverModelPtr__13DriverManagerFP11DriverModel,driverMgr.o,KawanoM.a,false
__sinit_driverMgr_cpp,driverMgr.o,KawanoM.a,false
update__16OneShotAnimator2Fv,animation.o,KawanoM.a,false
goBack__11DriverModelFv,driverAnim.o,KawanoM.a,false
goFront__11DriverModelFv,driverAnim.o,KawanoM.a,false
TurnFront__11DriverModelFv,driverAnim.o,KawanoM.a,false
StartThrow__11DriverModelFiii,driverAnim.o,KawanoM.a,false
StartDriverThrow__11DriverModelFii,driverAnim.o,KawanoM.a,false
StartJump__11DriverModelFi,driverAnim.o,KawanoM.a,false
StartSit__11DriverModelFv,driverAnim.o,KawanoM.a,false
StartStand__11DriverModelFv,driverAnim.o,KawanoM.a,false
StartStart__11DriverModelFv,driverAnim.o,KawanoM.a,false
StartAttackL__11DriverModelFv,driverAnim.o,KawanoM.a,false
StartAttackR__11DriverModelFv,driverAnim.o,KawanoM.a,false
StartLoopAnm__11DriverModelFQ211DriverModel9StateEnumP15DriversAnimatorffff,driverAnim.o,KawanoM.a,false
StartLoopAnm2__11DriverModelFP15DriversAnimatorffff,driverAnim.o,KawanoM.a,false
StartDWait__11DriverModelFv,driverAnim.o,KawanoM.a,false
StartDemo__11DriverModelFv,driverAnim.o,KawanoM.a,false
StartDemo2__11DriverModelFv,driverAnim.o,KawanoM.a,false
StartDemo2Front__11DriverModelFv,driverAnim.o,KawanoM.a,false
StartDemo2Back__11DriverModelFv,driverAnim.o,KawanoM.a,false
StartDrift__11DriverModelFi,driverAnim.o,KawanoM.a,false
StartDriftEnd__11DriverModelFi,driverAnim.o,KawanoM.a,false
StartDamage__11DriverModelFii,driverAnim.o,KawanoM.a,false
StartDamage_GetUp__11DriverModelFii,driverAnim.o,KawanoM.a,false
StartDash__11DriverModelFv,driverAnim.o,KawanoM.a,false
StartHang__11DriverModelFv,driverAnim.o,KawanoM.a,false
StartDashEnd__11DriverModelFv,driverAnim.o,KawanoM.a,false
StartHang2__11DriverModelFfUc,driverAnim.o,KawanoM.a,false
StartDashEnd2__11DriverModelFfUc,driverAnim.o,KawanoM.a,false
StartDangerL__11DriverModelFv,driverAnim.o,KawanoM.a,false
StartDangerR__11DriverModelFv,driverAnim.o,KawanoM.a,false
StartDangerEnd__11DriverModelFi,driverAnim.o,KawanoM.a,false
StartDriverDamage__11DriverModelFv,driverAnim.o,KawanoM.a,false
StartDriverDrive__11DriverModelFv,driverAnim.o,KawanoM.a,false
StartGoalMotion__11DriverModelFv,driverAnim.o,KawanoM.a,false
StartGood__11DriverModelFv,driverAnim.o,KawanoM.a,false
StartGood1st__11DriverModelFv,driverAnim.o,KawanoM.a,false
StartBad__11DriverModelFv,driverAnim.o,KawanoM.a,false
StartFire__11DriverModelFv,driverAnim.o,KawanoM.a,false
StartFireEnd__11DriverModelFv,driverAnim.o,KawanoM.a,false
StartHappy__11DriverModelFv,driverAnim.o,KawanoM.a,false
StartAppeal__11DriverModelFv,driverAnim.o,KawanoM.a,false
StartJuggle__11DriverModelFv,driverAnim.o,KawanoM.a,false
StartSpeak__11DriverModelFv,driverAnim.o,KawanoM.a,false
IsMove__11DriverModelFv,driverAnim.o,KawanoM.a,false
IsChange__11DriverModelFv,driverAnim.o,KawanoM.a,false
IsChangeFront__11DriverModelFv,driverAnim.o,KawanoM.a,false
IsChangeBack__11DriverModelFv,driverAnim.o,KawanoM.a,false
IsTurn__11DriverModelFv,driverAnim.o,KawanoM.a,false
IsTurnBack__11DriverModelFv,driverAnim.o,KawanoM.a,false
IsTurnFront__11DriverModelFv,driverAnim.o,KawanoM.a,false
IsThrow__11DriverModelFv,driverAnim.o,KawanoM.a,false
IsTire__11DriverModelFv,driverAnim.o,KawanoM.a,false
IsAttack__11DriverModelFv,driverAnim.o,KawanoM.a,false
IsJump__11DriverModelFv,driverAnim.o,KawanoM.a,false
IsSit__11DriverModelFv,driverAnim.o,KawanoM.a,false
IsStand__11DriverModelFv,driverAnim.o,KawanoM.a,false
IsBack__11DriverModelFv,driverAnim.o,KawanoM.a,false
IsStart__11DriverModelFv,driverAnim.o,KawanoM.a,false
IsBeforeStart__11DriverModelFv,driverAnim.o,KawanoM.a,false
IsNormalStart__11DriverModelFv,driverAnim.o,KawanoM.a,false
IsRocketStart__11DriverModelFv,driverAnim.o,KawanoM.a,false
IsDamage__11DriverModelFv,driverAnim.o,KawanoM.a,false
IsDamageS__11DriverModelFv,driverAnim.o,KawanoM.a,false
IsDamageL__11DriverModelFv,driverAnim.o,KawanoM.a,false
IsDamageS12__11DriverModelFv,driverAnim.o,KawanoM.a,false
IsDamageL12__11DriverModelFv,driverAnim.o,KawanoM.a,false
IsRun__11DriverModelFv,driverAnim.o,KawanoM.a,false
IsDrift__11DriverModelFQ211DriverModel9StateEnum,driverAnim.o,KawanoM.a,false
IsDrift__11DriverModelFv,driverAnim.o,KawanoM.a,false
IsDriftStart__11DriverModelFv,driverAnim.o,KawanoM.a,false
IsDriftEnd__11DriverModelFv,driverAnim.o,KawanoM.a,false
IsDriftFinish__11DriverModelFv,driverAnim.o,KawanoM.a,false
IsDriftLeft__11DriverModelFv,driverAnim.o,KawanoM.a,false
IsDriftRight__11DriverModelFv,driverAnim.o,KawanoM.a,false
IsTandemAnmStartOK__11DriverModelFv,driverAnim.o,KawanoM.a,false
IsDanger__11DriverModelFv,driverAnim.o,KawanoM.a,false
IsDangerPlus__11DriverModelFv,driverAnim.o,KawanoM.a,false
IsDash__11DriverModelFv,driverAnim.o,KawanoM.a,false
IsDash1__11DriverModelFv,driverAnim.o,KawanoM.a,false
IsDash2__11DriverModelFv,driverAnim.o,KawanoM.a,false
IsJuggle__11DriverModelFv,driverAnim.o,KawanoM.a,false
IsDriverDamage__11DriverModelFv,driverAnim.o,KawanoM.a,false
IsPiyo__11DriverModelFv,driverAnim.o,KawanoM.a,false
IsFire__11DriverModelFv,driverAnim.o,KawanoM.a,false
IsDrive__11DriverModelFQ211DriverModel9StateEnum,driverAnim.o,KawanoM.a,false
IsDrive__11DriverModelFv,driverAnim.o,KawanoM.a,false
IsGoal__11DriverModelFv,driverAnim.o,KawanoM.a,false
IsGoalFront__11DriverModelFv,driverAnim.o,KawanoM.a,false
IsGoalBack__11DriverModelFv,driverAnim.o,KawanoM.a,false
IsHappy__11DriverModelFv,driverAnim.o,KawanoM.a,false
IsHappyFront__11DriverModelFv,driverAnim.o,KawanoM.a,false
IsHappyBack__11DriverModelFv,driverAnim.o,KawanoM.a,false
IsAppeal__11DriverModelFv,driverAnim.o,KawanoM.a,false
IsFront__11DriverModelFv,driverAnim.o,KawanoM.a,false
IsItemThrowOK__11DriverModelFv,driverAnim.o,KawanoM.a,false
IsTandem__11DriverModelFQ211DriverModel9StateEnum,driverAnim.o,KawanoM.a,false
IsTandem__11DriverModelFv,driverAnim.o,KawanoM.a,false
IsWait__11DriverModelFv,driverAnim.o,KawanoM.a,false
IsDemo__11DriverModelFQ211DriverModel9StateEnum,driverAnim.o,KawanoM.a,false
IsDemo__11DriverModelFv,driverAnim.o,KawanoM.a,false
IsDemoFront__11DriverModelFv,driverAnim.o,KawanoM.a,false
__sinit_driverAnim_cpp,driverAnim.o,KawanoM.a,false
__ct__13DriverAnimBufFv,driverAnimBuf.o,KawanoM.a,false
reset__13DriverAnimBufFv,driverAnimBuf.o,KawanoM.a,false
__dt__13DriverAnimBufFv,driverAnimBuf.o,KawanoM.a,false
__ct__16DriverAnimBufMgrFv,driverAnimBuf.o,KawanoM.a,false
reset__16DriverAnimBufMgrFv,driverAnimBuf.o,KawanoM.a,false
CheckAndLoadAnimAvailable__16DriverAnimBufMgrFii,driverAnimBuf.o,KawanoM.a,false
CheckAndLoadAnimSoundAvailable__16DriverAnimBufMgrFii,driverAnimBuf.o,KawanoM.a,false
loadAnimation__16DriverAnimBufMgrFii,driverAnimBuf.o,KawanoM.a,false
LoadAnimationSound__16DriverAnimBufMgrFii,driverAnimBuf.o,KawanoM.a,false
CheckRenew__16DriverAnimBufMgrFv,driverAnimBuf.o,KawanoM.a,false
CheckRenewSound__16DriverAnimBufMgrFv,driverAnimBuf.o,KawanoM.a,false
Check__16DriverAnimBufMgrFv,driverAnimBuf.o,KawanoM.a,false
resetFrame__16DriverAnimBufMgrFv,driverAnimBuf.o,KawanoM.a,false
resetFrameSound__16DriverAnimBufMgrFv,driverAnimBuf.o,KawanoM.a,false
GetPtr__16DriverAnimBufMgrFi,driverAnimBuf.o,KawanoM.a,false
GetSoundPtr__16DriverAnimBufMgrFi,driverAnimBuf.o,KawanoM.a,false
calcMPos__11DriverModelFRQ29JGeometry8TVec3<f>RQ29JGeometry8TVec3<f>RQ29JGeometry8TVec3<f>ffPQ29JGeometry8TVec3<f>,driver_ik.o,KawanoM.a,false
calc1stJnt__11DriverModelFP8J3DModelUsUsUsUsUs,driver_ik.o,KawanoM.a,false
calc2ndJnt__11DriverModelFP8J3DModelUsUsUs,driver_ik.o,KawanoM.a,false
koshiCallBack__11DriverModelFP8J3DJointi,driver_ik.o,KawanoM.a,false
spinCallBack__11DriverModelFP8J3DJointi,driver_ik.o,KawanoM.a,false
footL1CallBack__11DriverModelFP8J3DJointi,driver_ik.o,KawanoM.a,false
footL2CallBack__11DriverModelFP8J3DJointi,driver_ik.o,KawanoM.a,false
footL3CallBack__11DriverModelFP8J3DJointi,driver_ik.o,KawanoM.a,false
footLPosCallBack__11DriverModelFP8J3DJointi,driver_ik.o,KawanoM.a,false
footR1CallBack__11DriverModelFP8J3DJointi,driver_ik.o,KawanoM.a,false
footR2CallBack__11DriverModelFP8J3DJointi,driver_ik.o,KawanoM.a,false
footR3CallBack__11DriverModelFP8J3DJointi,driver_ik.o,KawanoM.a,false
footRPosCallBack__11DriverModelFP8J3DJointi,driver_ik.o,KawanoM.a,false
armL1CallBack__11DriverModelFP8J3DJointi,driver_ik.o,KawanoM.a,false
armL2CallBack__11DriverModelFP8J3DJointi,driver_ik.o,KawanoM.a,false
armL3CallBack__11DriverModelFP8J3DJointi,driver_ik.o,KawanoM.a,false
armR1CallBack__11DriverModelFP8J3DJointi,driver_ik.o,KawanoM.a,false
armR2CallBack__11DriverModelFP8J3DJointi,driver_ik.o,KawanoM.a,false
armR3CallBack__11DriverModelFP8J3DJointi,driver_ik.o,KawanoM.a,false
faceCallBack__11DriverModelFP8J3DJointi,driver_ik.o,KawanoM.a,false
handRCallBack__11DriverModelFP8J3DJointi,driver_ik.o,KawanoM.a,false
mouthCallBack__11DriverModelFP8J3DJointi,driver_ik.o,KawanoM.a,false
skirtCallBack__11DriverModelFP8J3DJointi,driver_ik.o,KawanoM.a,false
skirtPosCallBack__11DriverModelFP8J3DJointi,driver_ik.o,KawanoM.a,false
dHair1CallBack__11DriverModelFP8J3DJointi,driver_ik.o,KawanoM.a,false
dHair2CallBack__11DriverModelFP8J3DJointi,driver_ik.o,KawanoM.a,false
pHair1CallBack__11DriverModelFP8J3DJointi,driver_ik.o,KawanoM.a,false
pHair2CallBack__11DriverModelFP8J3DJointi,driver_ik.o,KawanoM.a,false
tie1CallBack__11DriverModelFP8J3DJointi,driver_ik.o,KawanoM.a,false
IsFootLIKOn__11DriverModelFP11DriverModel,driver_ik.o,KawanoM.a,false
IsFootRIKOn__11DriverModelFP11DriverModel,driver_ik.o,KawanoM.a,false
IsArmLIKOn__11DriverModelFP11DriverModel,driver_ik.o,KawanoM.a,false
IsArmRIKOn__11DriverModelFP11DriverModel,driver_ik.o,KawanoM.a,false
IsAllIKOff__11DriverModelFP11DriverModel,driver_ik.o,KawanoM.a,false
IsAllIKOffWithoutFace__11DriverModelFP11DriverModel,driver_ik.o,KawanoM.a,false
__sinit_driver_ik_cpp,driver_ik.o,KawanoM.a,false
__ct__12DriverTPAnimFP11DriverModeli,driverTPAnim.o,KawanoM.a,false
__dt__22J3DAnmObjMatTexPatternFv,driverTPAnim.o,KawanoM.a,false
__ct__22J3DAnmObjMatTexPatternFv,driverTPAnim.o,KawanoM.a,false
__dt__41J3DAnmObjMaterialBase<16J3DAnmTexPattern>Fv,driverTPAnim.o,KawanoM.a,false
__dt__12DriverTPAnimFv,driverTPAnim.o,KawanoM.a,false
LoadBTP__12DriverTPAnimFv,driverTPAnim.o,KawanoM.a,false
setDriverTPAnim__12DriverTPAnimFQ212DriverTPAnim12TPAStateEnum,driverTPAnim.o,KawanoM.a,false
startDriverTPAnim__12DriverTPAnimFQ212DriverTPAnim12TPAStateEnum,driverTPAnim.o,KawanoM.a,false
update__12DriverTPAnimFv,driverTPAnim.o,KawanoM.a,false
update_TPAWink__12DriverTPAnimFv,driverTPAnim.o,KawanoM.a,false
anmFrameProc__41J3DAnmObjMaterialBase<16J3DAnmTexPattern>Fv,driverTPAnim.o,KawanoM.a,false
update_TPASmile__12DriverTPAnimFv,driverTPAnim.o,KawanoM.a,false
update_TPASpeak__12DriverTPAnimFv,driverTPAnim.o,KawanoM.a,false
update_TPAFire__12DriverTPAnimFv,driverTPAnim.o,KawanoM.a,false
update_TPAPiyo__12DriverTPAnimFv,driverTPAnim.o,KawanoM.a,false
update_TPAADamage__12DriverTPAnimFv,driverTPAnim.o,KawanoM.a,false
update_TPABDamageA__12DriverTPAnimFv,driverTPAnim.o,KawanoM.a,false
update_TPABDamageB__12DriverTPAnimFv,driverTPAnim.o,KawanoM.a,false
update_basic__12DriverTPAnimFv,driverTPAnim.o,KawanoM.a,false
setup__12DriverTPAnimFP11DriverModel,driverTPAnim.o,KawanoM.a,false
__sinit_driverTPAnim_cpp,driverTPAnim.o,KawanoM.a,false
CheckDriverFlags__11DriverModelFv,driverState.o,KawanoM.a,false
SetDriverFlags__11DriverModelFQ211DriverModel9StateEnum,driverState.o,KawanoM.a,false
CheckDriverFlags_Hokan__11DriverModelFQ211DriverModel9StateEnum,driverState.o,KawanoM.a,false
CheckDriverFlags_Loop__11DriverModelFQ211DriverModel9StateEnum,driverState.o,KawanoM.a,false
IsItemWithTurn__11DriverModelFv,driverState.o,KawanoM.a,false
__sinit_driverState_cpp,driverState.o,KawanoM.a,false
InitDriverOffsetPosition__11DriverModelFv,driverOffset.o,KawanoM.a,false
SetDriverOffsetPosition_Change__11DriverModelFP10DriverData,driverOffset.o,KawanoM.a,false
SetDriverOffsetPosition_Demo__11DriverModelFP10DriverData,driverOffset.o,KawanoM.a,false
SetDriverOffsetPosition__11DriverModelFv,driverOffset.o,KawanoM.a,false
__sinit_driverOffset_cpp,driverOffset.o,KawanoM.a,false
updateF__10FeelingOneFv,feeling.o,KawanoM.a,false
setCurrentViewNo__10FeelingOneFUl,feeling.o,KawanoM.a,false
__ct__7FeelingFP11DriverModel,feeling.o,KawanoM.a,false
update__7FeelingFi,feeling.o,KawanoM.a,false
getBtpFrame__7FeelingFv,feeling.o,KawanoM.a,false
__ct__10FeelingMgrFv,feeling.o,KawanoM.a,false
__dt__10FeelingMgrFv,feeling.o,KawanoM.a,false
ptr__10FeelingMgrFv,feeling.o,KawanoM.a,false
getBrkFile__10FeelingMgrFi,feeling.o,KawanoM.a,false
getBtpFile__10FeelingMgrFv,feeling.o,KawanoM.a,false
init__10FeelingMgrFP11DriverModel,feeling.o,KawanoM.a,false
createModelData__10FeelingMgrFi,feeling.o,KawanoM.a,false
update__10FeelingMgrFv,feeling.o,KawanoM.a,false
createModel__10FeelingMgrFP11DriverModelP12JKRSolidHeapUlUl,feeling.o,KawanoM.a,false
setCurrentViewNo__10FeelingMgrFUl,feeling.o,KawanoM.a,false
getJ3DModelDataPtr__10FeelingMgrFi,feeling.o,KawanoM.a,false
__dt__7FeelingFv,feeling.o,KawanoM.a,false
__dt__10FeelingOneFv,feeling.o,KawanoM.a,false
__sinit_feeling_cpp,feeling.o,KawanoM.a,false
@24@setCurrentViewNo__10FeelingOneFUl,feeling.o,KawanoM.a,false
__ct__5OsageFP11DriverModel,osage.o,KawanoM.a,false
update__5OsageFUs,osage.o,KawanoM.a,false
createModel__5OsageFP12JKRSolidHeapUlUl,osage.o,KawanoM.a,false
setCurrentViewNo__5OsageFUl,osage.o,KawanoM.a,false
kHairRootCallBack__5OsageFP8J3DJointi,osage.o,KawanoM.a,false
kHairL1CallBack__5OsageFP8J3DJointi,osage.o,KawanoM.a,false
kHairL2CallBack__5OsageFP8J3DJointi,osage.o,KawanoM.a,false
kHairL3CallBack__5OsageFP8J3DJointi,osage.o,KawanoM.a,false
kHairR1CallBack__5OsageFP8J3DJointi,osage.o,KawanoM.a,false
kHairR2CallBack__5OsageFP8J3DJointi,osage.o,KawanoM.a,false
kHairR3CallBack__5OsageFP8J3DJointi,osage.o,KawanoM.a,false
__dt__8OsageMgrFv,osage.o,KawanoM.a,false
ptr__8OsageMgrFv,osage.o,KawanoM.a,false
init__8OsageMgrFP11DriverModel,osage.o,KawanoM.a,false
setCallBack__8OsageMgrFi,osage.o,KawanoM.a,false
createModel__8OsageMgrFP11DriverModelP12JKRSolidHeapUlUl,osage.o,KawanoM.a,false
setCurrentViewNo__8OsageMgrFP11DriverModelUl,osage.o,KawanoM.a,false
CheckNoIK__8OsageMgrFv,osage.o,KawanoM.a,false
IsOsageExist__8OsageMgrFP11DriverModel,osage.o,KawanoM.a,false
__sinit_osage_cpp,osage.o,KawanoM.a,false
@24@__dt__8OsageMgrFv,osage.o,KawanoM.a,false
__ct__9AccessoryFP11DriverModel,accessory.o,KawanoM.a,false
update__9AccessoryFUs,accessory.o,KawanoM.a,false
createModel__9AccessoryFP12JKRSolidHeapUlUl,accessory.o,KawanoM.a,false
setCurrentViewNo__9AccessoryFUl,accessory.o,KawanoM.a,false
__dt__12AccessoryMgrFv,accessory.o,KawanoM.a,false
ptr__12AccessoryMgrFv,accessory.o,KawanoM.a,false
createModelData__12AccessoryMgrFv,accessory.o,KawanoM.a,false
init__12AccessoryMgrFP11DriverModel,accessory.o,KawanoM.a,false
update__12AccessoryMgrFv,accessory.o,KawanoM.a,false
setCurrentViewNo__12AccessoryMgrFUl,accessory.o,KawanoM.a,false
simpleDraw__12AccessoryMgrFUl,accessory.o,KawanoM.a,false
__dt__9AccessoryFv,accessory.o,KawanoM.a,false
__sinit_accessory_cpp,accessory.o,KawanoM.a,false
@24@setCurrentViewNo__9AccessoryFUl,accessory.o,KawanoM.a,false
@24@update__9AccessoryFUs,accessory.o,KawanoM.a,false
@24@createModel__9AccessoryFP12JKRSolidHeapUlUl,accessory.o,KawanoM.a,false
updateOffset__6LaurelFv,laurel.o,KawanoM.a,false
update__6LaurelFUs,laurel.o,KawanoM.a,false
createModel__6LaurelFP12JKRSolidHeapUlUl,laurel.o,KawanoM.a,false
setCurrentViewNo__6LaurelFUl,laurel.o,KawanoM.a,false
__dt__9LaurelMgrFv,laurel.o,KawanoM.a,false
ptr__9LaurelMgrFv,laurel.o,KawanoM.a,false
init__9LaurelMgrFP11DriverModel,laurel.o,KawanoM.a,false
update__9LaurelMgrFP11DriverModel,laurel.o,KawanoM.a,false
createModel__9LaurelMgrFP11DriverModelP12JKRSolidHeapUlUl,laurel.o,KawanoM.a,false
setCurrentViewNo__9LaurelMgrFP11DriverModelUl,laurel.o,KawanoM.a,false
__dt__6LaurelFv,laurel.o,KawanoM.a,false
__sinit_laurel_cpp,laurel.o,KawanoM.a,false
@24@setCurrentViewNo__6LaurelFUl,laurel.o,KawanoM.a,false
@24@update__6LaurelFUs,laurel.o,KawanoM.a,false
@24@createModel__6LaurelFP12JKRSolidHeapUlUl,laurel.o,KawanoM.a,false
@24@__dt__9LaurelMgrFv,laurel.o,KawanoM.a,false
__ct__9DriverObjFv,driverObj.o,KawanoM.a,false
__dt__9DriverObjFv,driverObj.o,KawanoM.a,false
createModelData__9DriverObjFPc,driverObj.o,KawanoM.a,false
__sinit_driverObj_cpp,driverObj.o,KawanoM.a,false
__ct__14SceneTitleLineFP10JKRArchiveP7JKRHeapPc,SceneTitleLine.o,KawanoM.a,false
__dt__14SceneTitleLineFv,SceneTitleLine.o,KawanoM.a,false
init_titleline__14SceneTitleLineFi,SceneTitleLine.o,KawanoM.a,false
drawTitleLine__14SceneTitleLineFP13J2DOrthoGraph,SceneTitleLine.o,KawanoM.a,false
calcAnmTitleLine__14SceneTitleLineFi,SceneTitleLine.o,KawanoM.a,false
calcMatAnmTitleLine__14SceneTitleLineFv,SceneTitleLine.o,KawanoM.a,false
__ct__11StaffRoll2DFP7JKRHeap8Language9VideoModei,StaffRoll2D.o,KawanoM.a,false
__ct__11ExitBoxInfoFv,StaffRoll2D.o,KawanoM.a,false
init__11StaffRoll2DFv,StaffRoll2D.o,KawanoM.a,false
reset__11StaffRoll2DFv,StaffRoll2D.o,KawanoM.a,false
draw__11StaffRoll2DFv,StaffRoll2D.o,KawanoM.a,false
calc__11StaffRoll2DFv,StaffRoll2D.o,KawanoM.a,false
start__11StaffRoll2DFi,StaffRoll2D.o,KawanoM.a,false
getExitBoxInfoPtr__11StaffRoll2DFii,StaffRoll2D.o,KawanoM.a,false
getExitBoxNum__11StaffRoll2DFi,StaffRoll2D.o,KawanoM.a,false
getVersion__11StaffRoll2DF8Language9VideoMode,StaffRoll2D.o,KawanoM.a,false
getSceneDataID__11StaffRoll2DFii,StaffRoll2D.o,KawanoM.a,false
