DegubBody__8KartBodyFUl,kartBody.o,YamamotoM.a,false
checkNaNVector__8SysDebugFP3VecUl,kartBody.o,YamamotoM.a,false
checkNaNMatrix__8SysDebugFPA4_fUl,kartBody.o,YamamotoM.a,false
MakeMassBody__8KartBodyFffff,kartBody.o,YamamotoM.a,false
set<f>__Q29JGeometry8TVec3<f>Ffff,kartBody.o,YamamotoM.a,false
MakeRigidVertexBody__8KartBodyFffff,kartBody.o,YamamotoM.a,false
SetUpRigidBodyPose__8KartBodyFPQ29JGeometry8TVec3<f>PQ29JGeometry8TVec3<f>,kartBody.o,YamamotoM.a,false
atan2f__3stdFff,kartBody.o,YamamotoM.a,false
SetUpRigidBodyStartGridPose__8KartBodyFv,kartBody.o,YamamotoM.a,false
setNormal__Q29JGeometry8TVec3<f>FRCQ29JGeometry8TVec3<f>RCQ29JGeometry8TVec3<f>RCQ29JGeometry8TVec3<f>,kartBody.o,YamamotoM.a,false
getSus__8KartBodyFi,kartBody.o,YamamotoM.a,false
DoForce__8KartBodyFPQ29JGeometry8TVec3<f>PQ29JGeometry8TVec3<f>,kartBody.o,YamamotoM.a,false
DoTq__8KartBodyFPQ29JGeometry8TVec3<f>PQ29JGeometry8TVec3<f>,kartBody.o,YamamotoM.a,false
DoForceOnly__8KartBodyFP8KartBodyPQ29JGeometry8TVec3<f>PQ29JGeometry8TVec3<f>,kartBody.o,YamamotoM.a,false
DoForceOnly__8KartBodyFPQ29JGeometry8TVec3<f>PQ29JGeometry8TVec3<f>,kartBody.o,YamamotoM.a,false
DoGForce__8KartBodyFv,kartBody.o,YamamotoM.a,false
getTouchNum__8KartBodyFv,kartBody.o,YamamotoM.a,false
CalcMovement__8KartBodyFPQ29JGeometry8TVec3<f>PQ29JGeometry8TVec3<f>PQ29JGeometry8TVec3<f>PQ29JGeometry8TVec3<f>,kartBody.o,YamamotoM.a,false
DoCalcWgVel__8KartBodyFv,kartBody.o,YamamotoM.a,false
getGame__8KartBodyFv,kartBody.o,YamamotoM.a,false
getStrat__8KartBodyFv,kartBody.o,YamamotoM.a,false
getScale__11KartThunderFv,kartBody.o,YamamotoM.a,false
getThunder__8KartBodyFv,kartBody.o,YamamotoM.a,false
set<f>__Q29JGeometry8TVec3<f>FRCQ29JGeometry8TVec3<f>,kartBody.o,YamamotoM.a,false
div__Q29JGeometry8TVec3<f>FfRCQ29JGeometry8TVec3<f>,kartBody.o,YamamotoM.a,false
invert__Q29JGeometry8TUtil<f>Ff,kartBody.o,YamamotoM.a,false
DoPose__8KartBodyFv,kartBody.o,YamamotoM.a,false
DoCalcMassMatrix__8KartBodyFPA4_ffPQ29JGeometry8TVec3<f>PQ29JGeometry8TVec3<f>,kartBody.o,YamamotoM.a,false
WallFriction__8KartBodyFPQ29JGeometry8TVec3<f>fPQ29JGeometry8TVec3<f>PQ29JGeometry8TVec3<f>PQ29JGeometry8TVec3<f>f,kartBody.o,YamamotoM.a,false
GroundReflection__8KartBodyFPQ29JGeometry8TVec3<f>PQ29JGeometry8TVec3<f>fff,kartBody.o,YamamotoM.a,false
RigidReflectionAnime__8KartBodyFP8KartBodyP8KartBodyff,kartBody.o,YamamotoM.a,false
getKartSound__8KartCtrlFi,kartBody.o,YamamotoM.a,false
getKartAnime__8KartCtrlFi,kartBody.o,YamamotoM.a,false
getChecker__8KartBodyFv,kartBody.o,YamamotoM.a,false
RigidReflectionPower__8KartBodyFP8KartBodyP8KartBodyPfPf,kartBody.o,YamamotoM.a,false
getCrash__8KartBodyFv,kartBody.o,YamamotoM.a,false
getTumble__8KartBodyFv,kartBody.o,YamamotoM.a,false
getDamage__8KartBodyFv,kartBody.o,YamamotoM.a,false
RigidReflection__8KartBodyFP8KartBodyP8KartBodyPQ29JGeometry8TVec3<f>PQ29JGeometry8TVec3<f>fff,kartBody.o,YamamotoM.a,false
angle__Q29JGeometry8TVec3<f>CFRCQ29JGeometry8TVec3<f>,kartBody.o,YamamotoM.a,false
abs__Q29JGeometry8TUtil<f>Ff,kartBody.o,YamamotoM.a,false
atan2__Q29JGeometry8TUtil<f>Fff,kartBody.o,YamamotoM.a,false
JMAAtan2Radian__Fff,kartBody.o,YamamotoM.a,false
atan2Radian__Q25JMath18TAtanTable<1024&#44;f>CFff,kartBody.o,YamamotoM.a,false
ObjectReflection__8KartBodyFPQ29JGeometry8TVec3<f>,kartBody.o,YamamotoM.a,false
ObjectWallReflection__8KartBodyFP12GeographyObj,kartBody.o,YamamotoM.a,false
getKartHitRefVecNormalObj__19GeographyObjManagerCFi,kartBody.o,YamamotoM.a,false
getKartHitDepthNormalObj__19GeographyObjManagerCFi,kartBody.o,YamamotoM.a,false
getPosition__12GeographyObjCFPQ29JGeometry8TVec3<f>,kartBody.o,YamamotoM.a,false
StarReact__8KartBodyFP12GeographyObj,kartBody.o,YamamotoM.a,false
CheckObjectReflection__8KartBodyFv,kartBody.o,YamamotoM.a,false
getDossin__8KartBodyFv,kartBody.o,YamamotoM.a,false
getKartReactHitObjectList__19GeographyObjManagerFi,kartBody.o,YamamotoM.a,false
CheckRoofReflection__8KartBodyFv,kartBody.o,YamamotoM.a,false
WallReflection__8KartBodyFPQ29JGeometry8TVec3<f>fff,kartBody.o,YamamotoM.a,false
GroundVertexReflection__8KartBodyFi9CrsGroundPQ29JGeometry8TVec3<f>PUc,kartBody.o,YamamotoM.a,false
WallVertexReflection__8KartBodyF9CrsGroundPQ29JGeometry8TVec3<f>PUcPUc,kartBody.o,YamamotoM.a,false
CheckVertexReflection__8KartBodyFv,kartBody.o,YamamotoM.a,false
__ct__9CrsGroundFRC9CrsGround,kartBody.o,YamamotoM.a,false
CheckBodyHit__8KartBodyFP8KartBodyP8KartBody,kartBody.o,YamamotoM.a,false
InitBodySetting__8KartBodyFv,kartBody.o,YamamotoM.a,false
GetMiniGameCamData__8KartBodyFi,kartBody.o,YamamotoM.a,false
getCurrentManager__7RaceMgrFv,kartBody.o,YamamotoM.a,false
GetPakkunMiniGameCamData__8KartBodyFi,kartBody.o,YamamotoM.a,false
GetPakkunGameCamData__8KartBodyFi,kartBody.o,YamamotoM.a,false
InitCamSetting__8KartBodyFv,kartBody.o,YamamotoM.a,false
isSubScrExist__7RaceMgrCFv,kartBody.o,YamamotoM.a,false
InitBodyCamParam__8KartBodyFv,kartBody.o,YamamotoM.a,false
InitBodyParam__8KartBodyFv,kartBody.o,YamamotoM.a,false
getWeight__8KartInfoCFv,kartBody.o,YamamotoM.a,false
getDriverWeight__8KartInfoCFi,kartBody.o,YamamotoM.a,false
getWeight__Q28KartInfo13KartCharacterCFv,kartBody.o,YamamotoM.a,false
Init__8KartBodyFi,kartBody.o,YamamotoM.a,false
setScale__15KartShadowModelFff,kartBody.o,YamamotoM.a,false
getShadowModel__10KartLoaderFv,kartBody.o,YamamotoM.a,false
getObject__9CrsGroundCFv,kartBody.o,YamamotoM.a,false
__sinit_kartBody_cpp,kartBody.o,YamamotoM.a,false
__ct__7KartCamFP8KartBodyP8KartCtrlUcUc,kartCamera.o,YamamotoM.a,false
__ct__11J3DUClipperFv,kartCamera.o,YamamotoM.a,false
DegubCamera__7KartCamFPcUl,kartCamera.o,YamamotoM.a,false
SetStartDemoPort__7KartCamFv,kartCamera.o,YamamotoM.a,false
GetVpHeight__7KartCamFv,kartCamera.o,YamamotoM.a,false
SetAwardDemoPort__7KartCamFv,kartCamera.o,YamamotoM.a,false
SetOneScreenPort__7KartCamFv,kartCamera.o,YamamotoM.a,false
SetSubScreenPort__7KartCamFv,kartCamera.o,YamamotoM.a,false
SetTwoScreenPort__7KartCamFUc,kartCamera.o,YamamotoM.a,false
SetFourScreenPort__7KartCamFUc,kartCamera.o,YamamotoM.a,false
DoPort__7KartCamFi,kartCamera.o,YamamotoM.a,false
Init__7KartCamFb,kartCamera.o,YamamotoM.a,false
isDemoCamera__7RaceMgrCFi,kartCamera.o,YamamotoM.a,false
SetCameraMode__7KartCamFUc,kartCamera.o,YamamotoM.a,false
getBody__7KartCamFv,kartCamera.o,YamamotoM.a,false
SetTarget__7KartCamFv,kartCamera.o,YamamotoM.a,false
DoInit__7KartCamFv,kartCamera.o,YamamotoM.a,false
__ct__11KartDemoCamFv,kartCamera.o,YamamotoM.a,false
__ct__6SplineFv,kartCamera.o,YamamotoM.a,false
DoResetInit__7KartCamFv,kartCamera.o,YamamotoM.a,false
DoRaceCtrl__7KartCamFv,kartCamera.o,YamamotoM.a,false
DoCameraMode__7KartCamFv,kartCamera.o,YamamotoM.a,false
DoCamera__7KartCamFv,kartCamera.o,YamamotoM.a,false
getCamera__Q29GameAudio4MainFv,kartCamera.o,YamamotoM.a,false
__sinit_kartCamera_cpp,kartCamera.o,YamamotoM.a,false
Init__8KartCtrlFP8KartBodyPP7KartSusPP12KartAppendixP9KartSoundP10KartTargetP8KartDispi,kartCtrl.o,YamamotoM.a,false
getDriverPad__11KartCheckerCFi,kartCtrl.o,YamamotoM.a,false
DoBodyHit__8KartCtrlFv,kartCtrl.o,YamamotoM.a,false
GetKartNumber__8KartCtrlFv,kartCtrl.o,YamamotoM.a,false
makeKartCtrl__8KartCtrlFv,kartCtrl.o,YamamotoM.a,false
__ct__8KartCtrlFv,kartCtrl.o,YamamotoM.a,false
DynamicsInit__8KartCtrlFb,kartCtrl.o,YamamotoM.a,false
setVideo__7KartCamFb,kartCtrl.o,YamamotoM.a,false
setKartCam__8KartCtrlFP7KartCami,kartCtrl.o,YamamotoM.a,false
getTargetKartNo__7RaceMgrCFUl,kartCtrl.o,YamamotoM.a,false
ApeendixInit__8KartCtrlFi,kartCtrl.o,YamamotoM.a,false
getKartAppendix__8KartCtrlFi,kartCtrl.o,YamamotoM.a,false
AnimeInit__8KartCtrlFi,kartCtrl.o,YamamotoM.a,false
setKartAnime__8KartCtrlFP9KartAnimei,kartCtrl.o,YamamotoM.a,false
__ct__9KartAnimeFv,kartCtrl.o,YamamotoM.a,false
setKartPad__8KartCtrlFP7KartPadi,kartCtrl.o,YamamotoM.a,false
getKartDisp__8KartCtrlFi,kartCtrl.o,YamamotoM.a,false
TargetInit__8KartCtrlFi,kartCtrl.o,YamamotoM.a,false
getKartTarget__8KartCtrlFi,kartCtrl.o,YamamotoM.a,false
BodyPoseInit__8KartCtrlFi,kartCtrl.o,YamamotoM.a,false
SusInit__8KartCtrlFi,kartCtrl.o,YamamotoM.a,false
getKartSus__8KartCtrlFi,kartCtrl.o,YamamotoM.a,false
BodyInit__8KartCtrlFi,kartCtrl.o,YamamotoM.a,false
__ct__10KartPerCamFv,kartCtrl.o,YamamotoM.a,false
__ct__8KartItemFv,kartCtrl.o,YamamotoM.a,false
__ct__8KartGameFv,kartCtrl.o,YamamotoM.a,false
__ct__9KartStratFv,kartCtrl.o,YamamotoM.a,false
__ct__7KartAntFv,kartCtrl.o,YamamotoM.a,false
__ct__8KartPipeFv,kartCtrl.o,YamamotoM.a,false
__ct__10KartHandleFv,kartCtrl.o,YamamotoM.a,false
__ct__9KartCrashFv,kartCtrl.o,YamamotoM.a,false
__ct__11KartThunderFv,kartCtrl.o,YamamotoM.a,false
__ct__8KartTireFv,kartCtrl.o,YamamotoM.a,false
__ct__8KartStarFv,kartCtrl.o,YamamotoM.a,false
__ct__10KartDamageFv,kartCtrl.o,YamamotoM.a,false
__ct__9KartCheckFv,kartCtrl.o,YamamotoM.a,false
__ct__10KartTumbleFv,kartCtrl.o,YamamotoM.a,false
__ct__10KartDossinFv,kartCtrl.o,YamamotoM.a,false
__ct__9KartSceneFv,kartCtrl.o,YamamotoM.a,false
__ct__10KartCannonFv,kartCtrl.o,YamamotoM.a,false
__ct__10KartRescueFv,kartCtrl.o,YamamotoM.a,false
__ct__8KartDispFv,kartCtrl.o,YamamotoM.a,false
__ct__10KartTargetFv,kartCtrl.o,YamamotoM.a,false
__ct__9KartSoundFv,kartCtrl.o,YamamotoM.a,false
__ct__12KartAppendixFv,kartCtrl.o,YamamotoM.a,false
__ct__7KartSusFv,kartCtrl.o,YamamotoM.a,false
__ct__8KartBodyFv,kartCtrl.o,YamamotoM.a,false
DynamicsReset__8KartCtrlFv,kartCtrl.o,YamamotoM.a,false
Init__7KartPadFv,kartCtrl.o,YamamotoM.a,false
getKartPad__8KartCtrlFi,kartCtrl.o,YamamotoM.a,false
ResetSusInit__8KartCtrlFi,kartCtrl.o,YamamotoM.a,false
DynamicsStage1__8KartCtrlFv,kartCtrl.o,YamamotoM.a,false
DoPose__8KartCtrlFi,kartCtrl.o,YamamotoM.a,false
CheckRoofReflection__8KartCtrlFi,kartCtrl.o,YamamotoM.a,false
CheckObjectReflection__8KartCtrlFi,kartCtrl.o,YamamotoM.a,false
CheckVertexReflection__8KartCtrlFi,kartCtrl.o,YamamotoM.a,false
DoTireAction__8KartCtrlFi,kartCtrl.o,YamamotoM.a,false
DoSusAction__8KartCtrlFi,kartCtrl.o,YamamotoM.a,false
DoGForce__8KartCtrlFi,kartCtrl.o,YamamotoM.a,false
getItem__8KartBodyFv,kartCtrl.o,YamamotoM.a,false
DynamicsStage2__8KartCtrlFv,kartCtrl.o,YamamotoM.a,false
DrawKartInit__8KartCtrlFi,kartCtrl.o,YamamotoM.a,false
GetAspect__7KartCamFv,kartCtrl.o,YamamotoM.a,false
__dt__8GrafPortFv,kartCtrl.o,YamamotoM.a,false
GetFar__7KartCamFv,kartCtrl.o,YamamotoM.a,false
GetNear__7KartCamFv,kartCtrl.o,YamamotoM.a,false
GetFovy__7KartCamFv,kartCtrl.o,YamamotoM.a,false
GetVpWidth__7KartCamFv,kartCtrl.o,YamamotoM.a,false
GetVpPosh__7KartCamFv,kartCtrl.o,YamamotoM.a,false
GetVpPosv__7KartCamFv,kartCtrl.o,YamamotoM.a,false
SetGrafPort__8KartCtrlFv,kartCtrl.o,YamamotoM.a,false
DrwaBody__8KartCtrlFiUlPA4_f,kartCtrl.o,YamamotoM.a,false
DrwaParts__8KartCtrlFiUlPA4_f,kartCtrl.o,YamamotoM.a,false
__sinit_kartCtrl_cpp,kartCtrl.o,YamamotoM.a,false
set<f>__Q29JGeometry8TVec3<f>FRCQ29JGeometry8TVec3<f>,kartSus.o,YamamotoM.a,false
getKartBody__7KartSusFv,kartSus.o,YamamotoM.a,false
set<f>__Q29JGeometry8TVec3<f>Ffff,kartSus.o,YamamotoM.a,false
InitTirePose__7KartSusFi,kartSus.o,YamamotoM.a,false
InitSettingParam__7KartSusFi,kartSus.o,YamamotoM.a,false
InitParam__7KartSusFi,kartSus.o,YamamotoM.a,false
Init__7KartSusFi,kartSus.o,YamamotoM.a,false
NormalInit__7KartSusFi,kartSus.o,YamamotoM.a,false
ResetInit__7KartSusFi,kartSus.o,YamamotoM.a,false
CircleFriction__7KartSusFPQ29JGeometry8TVec3<f>f,kartSus.o,YamamotoM.a,false
GetCornerForce__7KartSusFv,kartSus.o,YamamotoM.a,false
GetCircleFric__7KartSusFv,kartSus.o,YamamotoM.a,false
DoSusAction__7KartSusFi,kartSus.o,YamamotoM.a,false
getCannon__8KartBodyFv,kartSus.o,YamamotoM.a,false
getRescue__8KartBodyFv,kartSus.o,YamamotoM.a,false
setAll__6SplineFPCQ29JGeometry8TVec3<f>,kartSus.o,YamamotoM.a,false
set__6SplineFiRCQ29JGeometry8TVec3<f>,kartSus.o,YamamotoM.a,false
DoTireAction__7KartSusFv,kartSus.o,YamamotoM.a,false
__sinit_kartSus_cpp,kartSus.o,YamamotoM.a,false
SetVector__7KartVecFP3Vecfff,kartvec.o,YamamotoM.a,false
AddVector__7KartVecFP3Vecfff,kartvec.o,YamamotoM.a,false
MulVector__7KartVecFP3Vecfff,kartvec.o,YamamotoM.a,false
VectorLength__7KartVecFP3Vec,kartvec.o,YamamotoM.a,false
VectorLengthSqrtf__7KartVecFP3Vec,kartvec.o,YamamotoM.a,false
OuterCalc__7KartVecFP3VecP3VecP3Vec,kartvec.o,YamamotoM.a,false
InnerCalc__7KartVecFP3VecP3Vec,kartvec.o,YamamotoM.a,false
VectorElement__7KartVecFPQ29JGeometry8TVec3<f>PQ29JGeometry8TVec3<f>PQ29JGeometry8TVec3<f>,kartvec.o,YamamotoM.a,false
SpeedySqrtf__8KartMathFf,kartvec.o,YamamotoM.a,false
CrossToPolar__8KartMathFPQ29JGeometry8TVec3<f>PQ29JGeometry8TVec3<f>PfPfPf,kartvec.o,YamamotoM.a,false
PolarToCross__8KartMathFP3VecP3Vecfff,kartvec.o,YamamotoM.a,false
lu__8KartMathFPA3_fPi,kartvec.o,YamamotoM.a,false
fabs__3stdFf,kartvec.o,YamamotoM.a,false
fabsf__3stdFf,kartvec.o,YamamotoM.a,false
solve__8KartMathFPA3_fPfPiPfi,kartvec.o,YamamotoM.a,false
Gauss__8KartMathFPA3_fPfPf,kartvec.o,YamamotoM.a,false
LimmtNumber__8KartMathFff,kartvec.o,YamamotoM.a,false
fcnvge__8KartMathFffff,kartvec.o,YamamotoM.a,false
ChaseFnumber__8KartMathFPfff,kartvec.o,YamamotoM.a,false
ChaseFcnvge__8KartMathFPfPUsfUs,kartvec.o,YamamotoM.a,false
ChaseFcnvge4__8KartMathFPfPUsfUs,kartvec.o,YamamotoM.a,false
ClearRotMatrix__7KartMatFPA4_f,kartvec.o,YamamotoM.a,false
SetPosePosMatrix__7KartMatFPA4_fPA4_fP3Vec,kartvec.o,YamamotoM.a,false
SetPosMatrix__7KartMatFPA4_fP3Vec,kartvec.o,YamamotoM.a,false
MulMatrixByVector__7KartMatFP3VecP3VecPA4_f,kartvec.o,YamamotoM.a,false
DevMatrixByVector__7KartMatFP3VecP3VecPA4_f,kartvec.o,YamamotoM.a,false
DevMatrixByVector2__7KartMatFPQ29JGeometry8TVec3<f>PQ29JGeometry8TVec3<f>PA4_f,kartvec.o,YamamotoM.a,false
DevCrdMatrixByVector__7KartMatFP3VecP3VecPA4_f,kartvec.o,YamamotoM.a,false
MulMatrix__7KartMatFPA4_fPA4_fPA4_f,kartvec.o,YamamotoM.a,false
RotYMatrix__7KartMatFPA4_ff,kartvec.o,YamamotoM.a,false
RotYMatrix33__7KartMatFPA4_ff,kartvec.o,YamamotoM.a,false
RotXMatrix__7KartMatFPA4_ff,kartvec.o,YamamotoM.a,false
RotZMatrix__7KartMatFPA4_ff,kartvec.o,YamamotoM.a,false
AddMatrix__7KartMatFPA4_fPA4_f,kartvec.o,YamamotoM.a,false
NormalizeMatrix__7KartMatFPA4_f,kartvec.o,YamamotoM.a,false
OmegaMatrix__7KartMatFPA4_fP3Vecf,kartvec.o,YamamotoM.a,false
__sinit_kartvec_cpp,kartvec.o,YamamotoM.a,false
__sinit_kartParams_cpp,kartParams.o,YamamotoM.a,false
Init__9KartStratFi,kartBodyStrat.o,YamamotoM.a,false
GetBodySpeed__9KartStratFv,kartBodyStrat.o,YamamotoM.a,false
GetBodyRoll__9KartStratFv,kartBodyStrat.o,YamamotoM.a,false
set<f>__Q29JGeometry8TVec3<f>FRCQ29JGeometry8TVec3<f>,kartBodyStrat.o,YamamotoM.a,false
setRoll__15KartShadowModelFf,kartBodyStrat.o,YamamotoM.a,false
atanf__3stdFf,kartBodyStrat.o,YamamotoM.a,false
GetRoadBodyRoll__9KartStratFv,kartBodyStrat.o,YamamotoM.a,false
set<f>__Q29JGeometry8TVec3<f>Ffff,kartBodyStrat.o,YamamotoM.a,false
GetBodyNorm__9KartStratFv,kartBodyStrat.o,YamamotoM.a,false
DoEnemyMaxmZCrl__9KartStratFf,kartBodyStrat.o,YamamotoM.a,false
DoMaxLevelZXVelCrl__9KartStratFff,kartBodyStrat.o,YamamotoM.a,false
DoVelCrl__9KartStratFf,kartBodyStrat.o,YamamotoM.a,false
DoWgCrl__9KartStratFf,kartBodyStrat.o,YamamotoM.a,false
DoRotPose__9KartStratFQ29JGeometry8TVec3<f>f,kartBodyStrat.o,YamamotoM.a,false
__ml__Q29JGeometry8TVec3<f>CFf,kartBodyStrat.o,YamamotoM.a,false
__amu__Q29JGeometry8TVec3<f>Ff,kartBodyStrat.o,YamamotoM.a,false
DoPoseCrl__9KartStratFv,kartBodyStrat.o,YamamotoM.a,false
MovingSpinClear__9KartStratFv,kartBodyStrat.o,YamamotoM.a,false
MovingHalfSpinClear__9KartStratFv,kartBodyStrat.o,YamamotoM.a,false
MovingTornadeClear__9KartStratFv,kartBodyStrat.o,YamamotoM.a,false
FreezeClear__9KartStratFv,kartBodyStrat.o,YamamotoM.a,false
RollCrashClear__9KartStratFv,kartBodyStrat.o,YamamotoM.a,false
AllGravyClear__9KartStratFv,kartBodyStrat.o,YamamotoM.a,false
GravyClear__9KartStratFv,kartBodyStrat.o,YamamotoM.a,false
LiftClear__9KartStratFv,kartBodyStrat.o,YamamotoM.a,false
PitchClear__9KartStratFv,kartBodyStrat.o,YamamotoM.a,false
DashClear__9KartStratFv,kartBodyStrat.o,YamamotoM.a,false
OtherClear__9KartStratFv,kartBodyStrat.o,YamamotoM.a,false
ShakeGround__9KartStratFv,kartBodyStrat.o,YamamotoM.a,false
DoAdjustment__9KartStratFv,kartBodyStrat.o,YamamotoM.a,false
getPipe__8KartBodyFv,kartBodyStrat.o,YamamotoM.a,false
DoWheelSpinCrl__9KartStratFv,kartBodyStrat.o,YamamotoM.a,false
DoWallCrl__9KartStratFv,kartBodyStrat.o,YamamotoM.a,false
DoYawLimit__9KartStratFv,kartBodyStrat.o,YamamotoM.a,false
DoRollLimit__9KartStratFv,kartBodyStrat.o,YamamotoM.a,false
DoLiftCrl__9KartStratFv,kartBodyStrat.o,YamamotoM.a,false
DoLiftYawCrl__9KartStratFv,kartBodyStrat.o,YamamotoM.a,false
checkNaNVector__8SysDebugFP3VecPc,kartBodyStrat.o,YamamotoM.a,false
DoRollLim__9KartStratFff,kartBodyStrat.o,YamamotoM.a,false
DoPitchLim__9KartStratFv,kartBodyStrat.o,YamamotoM.a,false
DoRollCrash__9KartStratFv,kartBodyStrat.o,YamamotoM.a,false
DoTestPitchCrl__9KartStratFv,kartBodyStrat.o,YamamotoM.a,false
DoDashCrl__9KartStratFf,kartBodyStrat.o,YamamotoM.a,false
DoStarCrl__9KartStratFf,kartBodyStrat.o,YamamotoM.a,false
DoAirCrl__9KartStratFv,kartBodyStrat.o,YamamotoM.a,false
DoYawCrl__9KartStratFv,kartBodyStrat.o,YamamotoM.a,false
DoSignalCrl__9KartStratFv,kartBodyStrat.o,YamamotoM.a,false
DoSpeedCrl__9KartStratFv,kartBodyStrat.o,YamamotoM.a,false
DoComSpeedCrl__9KartStratFv,kartBodyStrat.o,YamamotoM.a,false
DoCutSlide__9KartStratFv,kartBodyStrat.o,YamamotoM.a,false
DoCalcSpeed__9KartStratFv,kartBodyStrat.o,YamamotoM.a,false
DoMotor__9KartStratFQ212MotorManager9MotorType,kartBodyStrat.o,YamamotoM.a,false
getHandle__8KartBodyFv,kartBodyStrat.o,YamamotoM.a,false
DoPowerMotor__9KartStratFfUcUc,kartBodyStrat.o,YamamotoM.a,false
DashSpeedCtrl__9KartStratFf,kartBodyStrat.o,YamamotoM.a,false
DashSpSpeedCtrl__9KartStratFf,kartBodyStrat.o,YamamotoM.a,false
CompulsionDash__9KartStratFPQ29JGeometry8TVec3<f>,kartBodyStrat.o,YamamotoM.a,false
DoDash__9KartStratFv,kartBodyStrat.o,YamamotoM.a,false
GetCameraMode__7KartCamFv,kartBodyStrat.o,YamamotoM.a,false
DoStatusCrl__9KartStratFv,kartBodyStrat.o,YamamotoM.a,false
getAnt__8KartBodyFv,kartBodyStrat.o,YamamotoM.a,false
__sinit_kartBodyStrat_cpp,kartBodyStrat.o,YamamotoM.a,false
Init__8KartGameFi,kartCtrlStrat.o,YamamotoM.a,false
GetGorundTireNum__8KartGameFv,kartCtrlStrat.o,YamamotoM.a,false
set<f>__Q29JGeometry8TVec3<f>Ffff,kartCtrlStrat.o,YamamotoM.a,false
WatchEffectAcceleration__8KartGameFv,kartCtrlStrat.o,YamamotoM.a,false
WatchAcceleration__8KartGameFv,kartCtrlStrat.o,YamamotoM.a,false
DoItmCancel__8KartGameFv,kartCtrlStrat.o,YamamotoM.a,false
DoStopItm__8KartGameFv,kartCtrlStrat.o,YamamotoM.a,false
DoChange__8KartGameFv,kartCtrlStrat.o,YamamotoM.a,false
DoSlide__8KartGameFv,kartCtrlStrat.o,YamamotoM.a,false
DoDriftTurboSterr__8KartGameFv,kartCtrlStrat.o,YamamotoM.a,false
SetDriftTurboSterr__8KartGameFv,kartCtrlStrat.o,YamamotoM.a,false
CheckDriftTurbo__8KartGameFv,kartCtrlStrat.o,YamamotoM.a,false
getMainStickX__10JUTGamePadCFv,kartCtrlStrat.o,YamamotoM.a,false
DoWarmUpRoll__8KartGameFv,kartCtrlStrat.o,YamamotoM.a,false
DoRollAnim__8KartGameFv,kartCtrlStrat.o,YamamotoM.a,false
DoDriftClear__8KartGameFv,kartCtrlStrat.o,YamamotoM.a,false
DoRoll__8KartGameFv,kartCtrlStrat.o,YamamotoM.a,false
DoTestPitch__8KartGameFv,kartCtrlStrat.o,YamamotoM.a,false
getMainStickY__10JUTGamePadCFv,kartCtrlStrat.o,YamamotoM.a,false
DoLiftTurbo__8KartGameFv,kartCtrlStrat.o,YamamotoM.a,false
DoTurbo__8KartGameFv,kartCtrlStrat.o,YamamotoM.a,false
DoRollThrow__8KartGameFv,kartCtrlStrat.o,YamamotoM.a,false
DoRollOver__8KartGameFv,kartCtrlStrat.o,YamamotoM.a,false
DoWanWan__8KartGameFv,kartCtrlStrat.o,YamamotoM.a,false
getDifVel__13ItemWanWanObjCFv,kartCtrlStrat.o,YamamotoM.a,false
set<f>__Q29JGeometry8TVec3<f>FRCQ29JGeometry8TVec3<f>,kartCtrlStrat.o,YamamotoM.a,false
getPullVec__13ItemWanWanObjFPQ29JGeometry8TVec3<f>,kartCtrlStrat.o,YamamotoM.a,false
DoPushStart__8KartGameFv,kartCtrlStrat.o,YamamotoM.a,false
DoBalance__8KartGameFPff,kartCtrlStrat.o,YamamotoM.a,false
MakeClear__8KartGameFv,kartCtrlStrat.o,YamamotoM.a,false
MakeBoardDash__8KartGameFv,kartCtrlStrat.o,YamamotoM.a,false
MakeJumpDash__8KartGameFv,kartCtrlStrat.o,YamamotoM.a,false
MakeSpJumpDash__8KartGameFv,kartCtrlStrat.o,YamamotoM.a,false
MakeMashDash__8KartGameFv,kartCtrlStrat.o,YamamotoM.a,false
MakeGoldenMashDash__8KartGameFv,kartCtrlStrat.o,YamamotoM.a,false
MakeStartDash__8KartGameFv,kartCtrlStrat.o,YamamotoM.a,false
MakeCrashDash__8KartGameFv,kartCtrlStrat.o,YamamotoM.a,false
MakeWheelSpin__8KartGameFv,kartCtrlStrat.o,YamamotoM.a,false
MakeJump__8KartGameFv,kartCtrlStrat.o,YamamotoM.a,false
DoAirCheck__8KartGameFv,kartCtrlStrat.o,YamamotoM.a,false
DoRearSlidePower__8KartGameFv,kartCtrlStrat.o,YamamotoM.a,false
DoRearSlideBody__8KartGameFv,kartCtrlStrat.o,YamamotoM.a,false
div__Q29JGeometry8TVec3<f>Ff,kartCtrlStrat.o,YamamotoM.a,false
DoCorner__8KartGameFv,kartCtrlStrat.o,YamamotoM.a,false
FrameWork__8KartGameFfP7KartSusP7KartSus,kartCtrlStrat.o,YamamotoM.a,false
DoBodyAction__8KartGameFv,kartCtrlStrat.o,YamamotoM.a,false
DoElementForce__8KartGameFv,kartCtrlStrat.o,YamamotoM.a,false
CheckBalloon__8KartGameFv,kartCtrlStrat.o,YamamotoM.a,false
SetRank__8KartGameFv,kartCtrlStrat.o,YamamotoM.a,false
RankWatchMan__8KartGameFv,kartCtrlStrat.o,YamamotoM.a,false
ItemWatchMan__8KartGameFP7ItemObj,kartCtrlStrat.o,YamamotoM.a,false
AfterItemWatchMan__8KartGameFv,kartCtrlStrat.o,YamamotoM.a,false
DoFlagCtrl__8KartGameFv,kartCtrlStrat.o,YamamotoM.a,false
KeepWatch__8KartGameFv,kartCtrlStrat.o,YamamotoM.a,false
DoActionMgr__8KartGameFv,kartCtrlStrat.o,YamamotoM.a,false
getStar__8KartBodyFv,kartCtrlStrat.o,YamamotoM.a,false
getKartHitList__10ItemObjMgrFi,kartCtrlStrat.o,YamamotoM.a,false
DoActionCtrl__8KartGameFv,kartCtrlStrat.o,YamamotoM.a,false
DoStatus__8KartGameFv,kartCtrlStrat.o,YamamotoM.a,false
DoAnime__8KartCtrlFi,kartCtrlStrat.o,YamamotoM.a,false
__sinit_kartCtrlStrat_cpp,kartCtrlStrat.o,YamamotoM.a,false
getBezierPoint__6SplineFPQ29JGeometry8TVec3<f>f,kartLine.o,YamamotoM.a,false
__sinit_kartLine_cpp,kartLine.o,YamamotoM.a,false
SetPadClear__8KartCtrlFP11KartGamePad,kartCtrlInfo.o,YamamotoM.a,false
SetWanWanPadClear__8KartCtrlFP11KartGamePad,kartCtrlInfo.o,YamamotoM.a,false
SetGhostPadClear__8KartCtrlFP11KartGamePad,kartCtrlInfo.o,YamamotoM.a,false
PadAllClear__8KartCtrlFi,kartCtrlInfo.o,YamamotoM.a,false
getCoPad__8KartCtrlFi,kartCtrlInfo.o,YamamotoM.a,false
getPad__8KartCtrlFi,kartCtrlInfo.o,YamamotoM.a,false
DoContCtl__8KartCtrlFi,kartCtrlInfo.o,YamamotoM.a,false
DoContCopy__8KartCtrlFi,kartCtrlInfo.o,YamamotoM.a,false
DoContPaste__8KartCtrlFi,kartCtrlInfo.o,YamamotoM.a,false
GetItemStickY__8KartCtrlFi,kartCtrlInfo.o,YamamotoM.a,false
GetItemStickX__8KartCtrlFi,kartCtrlInfo.o,YamamotoM.a,false
GetItemButton__8KartCtrlFi,kartCtrlInfo.o,YamamotoM.a,false
DoLod__8KartCtrlFv,kartCtrlInfo.o,YamamotoM.a,false
GetClipperScale__7KartCamFv,kartCtrlInfo.o,YamamotoM.a,false
GetLodLen__7KartCamFv,kartCtrlInfo.o,YamamotoM.a,false
GetPortPtr__8KartCtrlFi,kartCtrlInfo.o,YamamotoM.a,false
GetCamFovy__8KartCtrlFi,kartCtrlInfo.o,YamamotoM.a,false
GetCamAspect__8KartCtrlFi,kartCtrlInfo.o,YamamotoM.a,false
GetBodyGround__8KartCtrlFi,kartCtrlInfo.o,YamamotoM.a,false
GetRRTireGround__8KartCtrlFi,kartCtrlInfo.o,YamamotoM.a,false
GetRLTireGround__8KartCtrlFi,kartCtrlInfo.o,YamamotoM.a,false
GetBodyPos__8KartCtrlFiPQ29JGeometry8TVec3<f>,kartCtrlInfo.o,YamamotoM.a,false
GetBodyVel__8KartCtrlFiPQ29JGeometry8TVec3<f>,kartCtrlInfo.o,YamamotoM.a,false
GetLeftFTirePos__8KartCtrlFiP3Vec,kartCtrlInfo.o,YamamotoM.a,false
GetRightFTirePos__8KartCtrlFiP3Vec,kartCtrlInfo.o,YamamotoM.a,false
GetLeftTirePos__8KartCtrlFiP3Vec,kartCtrlInfo.o,YamamotoM.a,false
GetRightTirePos__8KartCtrlFiP3Vec,kartCtrlInfo.o,YamamotoM.a,false
GetTirePos__8KartCtrlFiiP3Vec,kartCtrlInfo.o,YamamotoM.a,false
GeTireG__8KartCtrlFi,kartCtrlInfo.o,YamamotoM.a,false
GetCarSpeed__8KartCtrlFi,kartCtrlInfo.o,YamamotoM.a,false
GetCarRpm__8KartCtrlFi,kartCtrlInfo.o,YamamotoM.a,false
GetKartRpm__8KartCtrlFi,kartCtrlInfo.o,YamamotoM.a,false
GetDriveCont__8KartCtrlFi,kartCtrlInfo.o,YamamotoM.a,false
GetCoDriveCont__8KartCtrlFi,kartCtrlInfo.o,YamamotoM.a,false
GetCarStatus__8KartCtrlFi,kartCtrlInfo.o,YamamotoM.a,false
GetGameStatus__8KartCtrlFi,kartCtrlInfo.o,YamamotoM.a,false
SetTireDispRound__8KartCtrlFP8KartBodyP7KartSusf,kartCtrlInfo.o,YamamotoM.a,false
SetKartRpm__8KartCtrlFP8KartBodyff,kartCtrlInfo.o,YamamotoM.a,false
WhichDriver__8KartCtrlFi,kartCtrlInfo.o,YamamotoM.a,false
WhichNowDriver__8KartCtrlFi,kartCtrlInfo.o,YamamotoM.a,false
CheckCamera__8KartCtrlFi,kartCtrlInfo.o,YamamotoM.a,false
GetCameraNum__8KartCtrlFi,kartCtrlInfo.o,YamamotoM.a,false
CheckItem__8KartCtrlFi,kartCtrlInfo.o,YamamotoM.a,false
GetMaxSpeed__8KartCtrlFi,kartCtrlInfo.o,YamamotoM.a,false
GetDownSlopeAcc__8KartCtrlFi,kartCtrlInfo.o,YamamotoM.a,false
GetDownSlopeSpeed__8KartCtrlFi,kartCtrlInfo.o,YamamotoM.a,false
GetTireAngle__8KartCtrlFi,kartCtrlInfo.o,YamamotoM.a,false
GetTandemDir__8KartCtrlFi,kartCtrlInfo.o,YamamotoM.a,false
GetWaterHeight__8KartCtrlFi,kartCtrlInfo.o,YamamotoM.a,false
CheckJugemuSignal__8KartCtrlFv,kartCtrlInfo.o,YamamotoM.a,false
GetKartSoundMgr__8KartCtrlFi,kartCtrlInfo.o,YamamotoM.a,false
getGameAudioCharacterSoundMgr__11DriverModelFv,kartCtrlInfo.o,YamamotoM.a,false
GetKartBodyOffset__8KartCtrlFi,kartCtrlInfo.o,YamamotoM.a,false
MakeChangePossible__8KartCtrlFi,kartCtrlInfo.o,YamamotoM.a,false
CheckTandemItmGet__8KartCtrlFi,kartCtrlInfo.o,YamamotoM.a,false
CheckTandemItmRollingGet__8KartCtrlFi,kartCtrlInfo.o,YamamotoM.a,false
SetObjectPos__8KartCtrlFiQ29JGeometry8TVec3<f>,kartCtrlInfo.o,YamamotoM.a,false
set<f>__Q29JGeometry8TVec3<f>FRCQ29JGeometry8TVec3<f>,kartCtrlInfo.o,YamamotoM.a,false
CheckThunderBolt__8KartCtrlFi,kartCtrlInfo.o,YamamotoM.a,false
GetTireRadius__8KartCtrlFi,kartCtrlInfo.o,YamamotoM.a,false
IsBurn__8KartCtrlFi,kartCtrlInfo.o,YamamotoM.a,false
IsWallReact__8KartCtrlFi,kartCtrlInfo.o,YamamotoM.a,false
HaveBalloon__8KartCtrlFi,kartCtrlInfo.o,YamamotoM.a,false
GetDriftCnt__8KartCtrlFi,kartCtrlInfo.o,YamamotoM.a,false
IsMiniGame__8KartCtrlFv,kartCtrlInfo.o,YamamotoM.a,false
IsMiniGameEnd__8KartCtrlFv,kartCtrlInfo.o,YamamotoM.a,false
CheckWinner__8KartCtrlFv,kartCtrlInfo.o,YamamotoM.a,false
GetKartEffctVel__8KartCtrlFiPQ29JGeometry8TVec3<f>,kartCtrlInfo.o,YamamotoM.a,false
CheckChange__8KartCtrlFi,kartCtrlInfo.o,YamamotoM.a,false
CheckMatchless__8KartCtrlFi,kartCtrlInfo.o,YamamotoM.a,false
CheckReverse__8KartCtrlFi,kartCtrlInfo.o,YamamotoM.a,false
GetKartScale__8KartCtrlFi,kartCtrlInfo.o,YamamotoM.a,false
getKartEnemy__8KartCtrlFi,kartCtrlInfo.o,YamamotoM.a,false
GetKartCenterPtr__8KartCtrlFi,kartCtrlInfo.o,YamamotoM.a,false
EnemyInit__8KartCtrlFi,kartCtrlInfo.o,YamamotoM.a,false
EnemyResetInit__8KartCtrlFi,kartCtrlInfo.o,YamamotoM.a,false
CheckZoomWinConsole__8KartCtrlFv,kartCtrlInfo.o,YamamotoM.a,false
SetUpMiniTurbo__8KartCtrlFiUc,kartCtrlInfo.o,YamamotoM.a,false
DoStepAccel__9KartStratFv,kartCtrlInfo.o,YamamotoM.a,false
DoStepSterr__9KartStratFv,kartCtrlInfo.o,YamamotoM.a,false
DoSterr__9KartStratFv,kartCtrlInfo.o,YamamotoM.a,false
DoAccel__9KartStratFv,kartCtrlInfo.o,YamamotoM.a,false
HaveRabbit__8KartCtrlFv,kartCtrlInfo.o,YamamotoM.a,false
__sinit_kartCtrlInfo_cpp,kartCtrlInfo.o,YamamotoM.a,false
set<f>__Q29JGeometry8TVec3<f>Ffff,kartCamStrat.o,YamamotoM.a,false
SetTargetNum__7KartCamFUc,kartCamStrat.o,YamamotoM.a,false
SetClipper__7KartCamFv,kartCamStrat.o,YamamotoM.a,false
setFovy__11J3DUClipperFf,kartCamStrat.o,YamamotoM.a,false
setFar__11J3DUClipperFf,kartCamStrat.o,YamamotoM.a,false
setNear__11J3DUClipperFf,kartCamStrat.o,YamamotoM.a,false
setAspect__11J3DUClipperFf,kartCamStrat.o,YamamotoM.a,false
CheckClipper__7KartCamFv,kartCamStrat.o,YamamotoM.a,false
__ct__8GrafPortFiiiifff,kartCamStrat.o,YamamotoM.a,false
setPort__8GrafPortFv,kartCamStrat.o,YamamotoM.a,false
SetParam__8GrafPortFfff,kartCamStrat.o,YamamotoM.a,false
MakeShaker__7KartCamFf,kartCamStrat.o,YamamotoM.a,false
DoShaker__7KartCamFPQ29JGeometry8TVec3<f>Q29JGeometry8TVec3<f>,kartCamStrat.o,YamamotoM.a,false
SetPtr__7KartCamFv,kartCamStrat.o,YamamotoM.a,false
GetCameraPos__7KartCamFv,kartCamStrat.o,YamamotoM.a,false
GetCameraLookPos__7KartCamFv,kartCamStrat.o,YamamotoM.a,false
SetFovyData__7KartCamFv,kartCamStrat.o,YamamotoM.a,false
First4ScreenPort__7KartCamFUc,kartCamStrat.o,YamamotoM.a,false
Second4ScreenPort__7KartCamFUc,kartCamStrat.o,YamamotoM.a,false
Third4ScreenPort__7KartCamFUc,kartCamStrat.o,YamamotoM.a,false
Fourth4ScreenPort__7KartCamFUc,kartCamStrat.o,YamamotoM.a,false
First2ScreenPort__7KartCamFUc,kartCamStrat.o,YamamotoM.a,false
Second2ScreenPort__7KartCamFUc,kartCamStrat.o,YamamotoM.a,false
SetVictoryScreenPort__7KartCamFUc,kartCamStrat.o,YamamotoM.a,false
getZoomWinConsoleNo__7RaceMgrCFv,kartCamStrat.o,YamamotoM.a,false
getZoomWinConsoleNo__12RaceDirectorCFv,kartCamStrat.o,YamamotoM.a,false
isZoomWinConsole__7RaceMgrCFv,kartCamStrat.o,YamamotoM.a,false
DoMoveCamera__7KartCamFPQ29JGeometry8TVec3<f>PQ29JGeometry8TVec3<f>,kartCamStrat.o,YamamotoM.a,false
DoRoof__7KartCamFPQ29JGeometry8TVec3<f>P7CrsArea,kartCamStrat.o,YamamotoM.a,false
DoColCamera__7KartCamFv,kartCamStrat.o,YamamotoM.a,false
set<f>__Q29JGeometry8TVec3<f>FRCQ29JGeometry8TVec3<f>,kartCamStrat.o,YamamotoM.a,false
DoSea__7KartCamFPQ29JGeometry8TVec3<f>P9CrsGround,kartCamStrat.o,YamamotoM.a,false
DoGround__7KartCamFPQ29JGeometry8TVec3<f>P9CrsGround,kartCamStrat.o,YamamotoM.a,false
GroundCheck__7KartCamFPQ29JGeometry8TVec3<f>PQ29JGeometry8TVec3<f>P7CrsArea,kartCamStrat.o,YamamotoM.a,false
OutViewCalc__7KartCamFv,kartCamStrat.o,YamamotoM.a,false
InitOutView__7KartCamFv,kartCamStrat.o,YamamotoM.a,false
DoChangFovy__7KartCamFv,kartCamStrat.o,YamamotoM.a,false
DoLookChase__7KartCamFv,kartCamStrat.o,YamamotoM.a,false
DoYRotation__7KartCamFv,kartCamStrat.o,YamamotoM.a,false
DoXRotation__7KartCamFv,kartCamStrat.o,YamamotoM.a,false
DoDist__7KartCamFv,kartCamStrat.o,YamamotoM.a,false
DoCamPos__7KartCamFfPQ29JGeometry8TVec3<f>,kartCamStrat.o,YamamotoM.a,false
OutView__7KartCamFv,kartCamStrat.o,YamamotoM.a,false
InitRaceBackView__7KartCamFv,kartCamStrat.o,YamamotoM.a,false
ParallelView__7KartCamFv,kartCamStrat.o,YamamotoM.a,false
InitBackView__7KartCamFv,kartCamStrat.o,YamamotoM.a,false
BackView__7KartCamFv,kartCamStrat.o,YamamotoM.a,false
HangRescueView__7KartCamFv,kartCamStrat.o,YamamotoM.a,false
InitDropRescueView__7KartCamFv,kartCamStrat.o,YamamotoM.a,false
DropRescueView__7KartCamFv,kartCamStrat.o,YamamotoM.a,false
LaunchView__7KartCamFv,kartCamStrat.o,YamamotoM.a,false
LandView__7KartCamFv,kartCamStrat.o,YamamotoM.a,false
InitPipeView__7KartCamFv,kartCamStrat.o,YamamotoM.a,false
PipeView__7KartCamFv,kartCamStrat.o,YamamotoM.a,false
__sinit_kartCamStrat_cpp,kartCamStrat.o,YamamotoM.a,false
IsAppeal__9KartAnimeFi,KartAnime.o,YamamotoM.a,false
IsThrow__9KartAnimeFi,KartAnime.o,YamamotoM.a,false
IsMove__9KartAnimeFi,KartAnime.o,YamamotoM.a,false
IsSuspend__9KartAnimeFi,KartAnime.o,YamamotoM.a,false
IsChangeStart__9KartAnimeFv,KartAnime.o,YamamotoM.a,false
IsDamage__9KartAnimeFi,KartAnime.o,YamamotoM.a,false
IsDamageL__9KartAnimeFi,KartAnime.o,YamamotoM.a,false
IsDamageS__9KartAnimeFi,KartAnime.o,YamamotoM.a,false
IsRide__9KartAnimeFi,KartAnime.o,YamamotoM.a,false
IsNormalStart__9KartAnimeFi,KartAnime.o,YamamotoM.a,false
IsBackStart__9KartAnimeFi,KartAnime.o,YamamotoM.a,false
IsRun__9KartAnimeFi,KartAnime.o,YamamotoM.a,false
IsDrift__9KartAnimeFi,KartAnime.o,YamamotoM.a,false
IsDriftStart__9KartAnimeFi,KartAnime.o,YamamotoM.a,false
IsDriftLeft__9KartAnimeFi,KartAnime.o,YamamotoM.a,false
IsDriftRight__9KartAnimeFi,KartAnime.o,YamamotoM.a,false
IsChange__9KartAnimeFi,KartAnime.o,YamamotoM.a,false
IsRocket__9KartAnimeFi,KartAnime.o,YamamotoM.a,false
IsJump__9KartAnimeFi,KartAnime.o,YamamotoM.a,false
IsSit__9KartAnimeFi,KartAnime.o,YamamotoM.a,false
IsBackAnime__9KartAnimeFi,KartAnime.o,YamamotoM.a,false
IsFloatAnime__9KartAnimeFi,KartAnime.o,YamamotoM.a,false
IsDangerAnime__9KartAnimeFi,KartAnime.o,YamamotoM.a,false
IsDangerLoopAnime__9KartAnimeFi,KartAnime.o,YamamotoM.a,false
IsDangerPlusAnime__9KartAnimeFi,KartAnime.o,YamamotoM.a,false
IsGetItemAnime__9KartAnimeFi,KartAnime.o,YamamotoM.a,false
IsBurnAnime__9KartAnimeFi,KartAnime.o,YamamotoM.a,false
IsDrive__9KartAnimeFi,KartAnime.o,YamamotoM.a,false
IsBack__9KartAnimeFi,KartAnime.o,YamamotoM.a,false
IsGaol__9KartAnimeFi,KartAnime.o,YamamotoM.a,false
IsAttack__9KartAnimeFi,KartAnime.o,YamamotoM.a,false
IsProhibition__9KartAnimeFi,KartAnime.o,YamamotoM.a,false
MakeThrowAnime__9KartAnimeFiii,KartAnime.o,YamamotoM.a,false
MakeBackAnime__9KartAnimeFi,KartAnime.o,YamamotoM.a,false
MakeFrontAnime__9KartAnimeFi,KartAnime.o,YamamotoM.a,false
Init__9KartAnimeFv,KartAnime.o,YamamotoM.a,false
DoGetAnime__9KartAnimeFi,KartAnime.o,YamamotoM.a,false
clrTransferPartner__7ItemObjFv,KartAnime.o,YamamotoM.a,false
tstTransferPartner__7ItemObjCFv,KartAnime.o,YamamotoM.a,false
DoBackAnime__9KartAnimeFi,KartAnime.o,YamamotoM.a,false
TurnBack__11DriverModelFv,KartAnime.o,YamamotoM.a,false
DoFrontAnime__9KartAnimeFi,KartAnime.o,YamamotoM.a,false
DoChangeAnime__9KartAnimeFi,KartAnime.o,YamamotoM.a,false
DoDriveAnime__9KartAnimeFi,KartAnime.o,YamamotoM.a,false
DoStartRunStartAnime__9KartAnimeFi,KartAnime.o,YamamotoM.a,false
DoStartRunEndAnime__9KartAnimeFi,KartAnime.o,YamamotoM.a,false
BacktoDWait__11DriverModelFv,KartAnime.o,YamamotoM.a,false
DoDriverThrowAnime__9KartAnimeFi,KartAnime.o,YamamotoM.a,false
DoDriverDamageAnime__9KartAnimeFi,KartAnime.o,YamamotoM.a,false
DoDriverDriveAnime__9KartAnimeFi,KartAnime.o,YamamotoM.a,false
DoThrowAnime__9KartAnimeFi,KartAnime.o,YamamotoM.a,false
DoDriftAnime__9KartAnimeFi,KartAnime.o,YamamotoM.a,false
DoDriftEndAnime__9KartAnimeFi,KartAnime.o,YamamotoM.a,false
DoSlideAnime__9KartAnimeFi,KartAnime.o,YamamotoM.a,false
DoJumpAnime__9KartAnimeFi,KartAnime.o,YamamotoM.a,false
DoCrouchAnime__9KartAnimeFi,KartAnime.o,YamamotoM.a,false
DoStandAnime__9KartAnimeFi,KartAnime.o,YamamotoM.a,false
DoPushStartAnime__9KartAnimeFi,KartAnime.o,YamamotoM.a,false
DoNormalStartAnime__9KartAnimeFi,KartAnime.o,YamamotoM.a,false
StartNormalStart__11DriverModelFv,KartAnime.o,YamamotoM.a,false
DoRocketStartAnime__9KartAnimeFi,KartAnime.o,YamamotoM.a,false
StartRocketStart__11DriverModelFv,KartAnime.o,YamamotoM.a,false
DoFalseStartAnime__9KartAnimeFi,KartAnime.o,YamamotoM.a,false
StartRocketStartFailure__11DriverModelFv,KartAnime.o,YamamotoM.a,false
DoDamageStartAnime__9KartAnimeFi,KartAnime.o,YamamotoM.a,false
DoDamageEndAnime__9KartAnimeFi,KartAnime.o,YamamotoM.a,false
DoBigDamageStartAnime__9KartAnimeFi,KartAnime.o,YamamotoM.a,false
DoBigDamageEndAnime__9KartAnimeFi,KartAnime.o,YamamotoM.a,false
DoBurnStartAnime__9KartAnimeFi,KartAnime.o,YamamotoM.a,false
DoBurnEndAnime__9KartAnimeFi,KartAnime.o,YamamotoM.a,false
DoFloatStartAnime__9KartAnimeFi,KartAnime.o,YamamotoM.a,false
DoHangStartAnime__9KartAnimeFi,KartAnime.o,YamamotoM.a,false
DoGoalStartAnime__9KartAnimeFi,KartAnime.o,YamamotoM.a,false
DoStaffAnime__9KartAnimeFi,KartAnime.o,YamamotoM.a,false
DoHappyAnime__9KartAnimeFi,KartAnime.o,YamamotoM.a,false
DoWinAnime__9KartAnimeFi,KartAnime.o,YamamotoM.a,false
DoDefeatAnime__9KartAnimeFi,KartAnime.o,YamamotoM.a,false
DoFloatEndAnime__9KartAnimeFi,KartAnime.o,YamamotoM.a,false
DoSurpriseAnime__9KartAnimeFi,KartAnime.o,YamamotoM.a,false
DoSurpriseEndAnime__9KartAnimeFi,KartAnime.o,YamamotoM.a,false
DoHangJumpStartAnime__9KartAnimeFi,KartAnime.o,YamamotoM.a,false
DoHangJumpEndAnime__9KartAnimeFi,KartAnime.o,YamamotoM.a,false
DoAppealAnime__9KartAnimeFi,KartAnime.o,YamamotoM.a,false
DoStopAnime__9KartAnimeFi,KartAnime.o,YamamotoM.a,false
SetFreeze__11DriverModelFv,KartAnime.o,YamamotoM.a,false
DoReStopAnime__9KartAnimeFi,KartAnime.o,YamamotoM.a,false
ResetFreeze__11DriverModelFv,KartAnime.o,YamamotoM.a,false
DoCheck__9KartAnimeFi,KartAnime.o,YamamotoM.a,false
DoAnime__9KartAnimeFi,KartAnime.o,YamamotoM.a,false
__sinit_KartAnime_cpp,KartAnime.o,YamamotoM.a,false
Init__8KartItemFi,KartItemStrat.o,YamamotoM.a,false
DoRabbit__8KartItemFv,KartItemStrat.o,YamamotoM.a,false
SetSucMashItem__8KartItemFv,KartItemStrat.o,YamamotoM.a,false
CheckHitItem__8KartItemFv,KartItemStrat.o,YamamotoM.a,false
FallStealItem__8KartItemFii,KartItemStrat.o,YamamotoM.a,false
FallItem__8KartItemFv,KartItemStrat.o,YamamotoM.a,false
FallAllItem__8KartItemFv,KartItemStrat.o,YamamotoM.a,false
ReleseWanWan__8KartItemFv,KartItemStrat.o,YamamotoM.a,false
CompulsionReleseWanWan__8KartItemFv,KartItemStrat.o,YamamotoM.a,false
tstReverseThrow__13ItemWanWanObjCFv,KartItemStrat.o,YamamotoM.a,false
KillWanWan__8KartItemFv,KartItemStrat.o,YamamotoM.a,false
IsMyItem__8KartItemFv,KartItemStrat.o,YamamotoM.a,false
IsEndPull__13ItemWanWanObjFv,KartItemStrat.o,YamamotoM.a,false
IsChanging__8KartItemFv,KartItemStrat.o,YamamotoM.a,false
DoTurtleReleaseDir__8KartItemFii,KartItemStrat.o,YamamotoM.a,false
DoBananaReleaseDir__8KartItemFv,KartItemStrat.o,YamamotoM.a,false
DoTurtleReleaseDynamicDir__8KartItemFUl,KartItemStrat.o,YamamotoM.a,false
DoBananaReleaseDynamicDir__8KartItemFv,KartItemStrat.o,YamamotoM.a,false
TeamRobItm__8KartItemFv,KartItemStrat.o,YamamotoM.a,false
SuspendItem__8KartItemFv,KartItemStrat.o,YamamotoM.a,false
CheckOtherAnime__8KartItemFv,KartItemStrat.o,YamamotoM.a,false
DoOtherAnime__8KartItemFv,KartItemStrat.o,YamamotoM.a,false
DoTandemItemAnime__8KartItemFv,KartItemStrat.o,YamamotoM.a,false
DoTandemItemRelease__8KartItemFv,KartItemStrat.o,YamamotoM.a,false
DoItem__8KartItemFv,KartItemStrat.o,YamamotoM.a,false
__sinit_KartItemStrat_cpp,KartItemStrat.o,YamamotoM.a,false
Init__9KartSoundFi,KartSound.o,YamamotoM.a,false
DoInfo__9KartSoundFi,KartSound.o,YamamotoM.a,false
DoFinishSound__9KartSoundFi,KartSound.o,YamamotoM.a,false
DoSlipSound__9KartSoundFi,KartSound.o,YamamotoM.a,false
DoWallHitSound__9KartSoundFfQ29CrsGround4EMat,KartSound.o,YamamotoM.a,false
DoHorn__9KartSoundFv,KartSound.o,YamamotoM.a,false
DoKartHitSound__9KartSoundFf,KartSound.o,YamamotoM.a,false
DoMashDashSound__9KartSoundFv,KartSound.o,YamamotoM.a,false
DoDashSound__9KartSoundFv,KartSound.o,YamamotoM.a,false
DoRollCrashStartSound__9KartSoundFv,KartSound.o,YamamotoM.a,false
DoRollCrashSound__9KartSoundFv,KartSound.o,YamamotoM.a,false
DoRollCrashEndSound__9KartSoundFv,KartSound.o,YamamotoM.a,false
DoBrakeSound__9KartSoundFv,KartSound.o,YamamotoM.a,false
DoStrikeSound__9KartSoundFv,KartSound.o,YamamotoM.a,false
DoStarStartSound__9KartSoundFv,KartSound.o,YamamotoM.a,false
DoStarStopSound__9KartSoundFv,KartSound.o,YamamotoM.a,false
DoWanWanStartSound__9KartSoundFv,KartSound.o,YamamotoM.a,false
DoWanWanStopSound__9KartSoundFv,KartSound.o,YamamotoM.a,false
DoChangeStarSound__9KartSoundFv,KartSound.o,YamamotoM.a,false
DoChibiSound__9KartSoundFb,KartSound.o,YamamotoM.a,false
DoGoalSound__9KartSoundFv,KartSound.o,YamamotoM.a,false
DoLapSound__9KartSoundFv,KartSound.o,YamamotoM.a,false
DoThunderSound__9KartSoundFv,KartSound.o,YamamotoM.a,false
DoShootSound__9KartSoundFv,KartSound.o,YamamotoM.a,false
DoFireBall__9KartSoundFv,KartSound.o,YamamotoM.a,false
DoHitFireBall__9KartSoundFv,KartSound.o,YamamotoM.a,false
DoKartDiveSound__9KartSoundFv,KartSound.o,YamamotoM.a,false
DoKartMiniTuroboSound__9KartSoundFv,KartSound.o,YamamotoM.a,false
DoKartsetSeSound__9KartSoundFUl,KartSound.o,YamamotoM.a,false
DoLandingSound__9KartSoundFf,KartSound.o,YamamotoM.a,false
DoWheelSpin__9KartSoundFv,KartSound.o,YamamotoM.a,false
DoShineStartBGM__9KartSoundFv,KartSound.o,YamamotoM.a,false
DoShineStopBGM__9KartSoundFv,KartSound.o,YamamotoM.a,false
DoWallObjectSound__9KartSoundFUl,KartSound.o,YamamotoM.a,false
DoItemAlarm__9KartSoundFv,KartSound.o,YamamotoM.a,false
DoSpinSound__9KartSoundFv,KartSound.o,YamamotoM.a,false
DoSpinTurnSound__9KartSoundFv,KartSound.o,YamamotoM.a,false
DoStrikeVoice__9KartSoundFv,KartSound.o,YamamotoM.a,false
DoStaggerVoice__9KartSoundFv,KartSound.o,YamamotoM.a,false
DoCannonVoice__9KartSoundFv,KartSound.o,YamamotoM.a,false
DoDragVoice__9KartSoundFv,KartSound.o,YamamotoM.a,false
DoChampionVoice__9KartSoundFv,KartSound.o,YamamotoM.a,false
DoPrizeVoice__9KartSoundFv,KartSound.o,YamamotoM.a,false
DoOutsideVoice__9KartSoundFv,KartSound.o,YamamotoM.a,false
DoGoalVoice__9KartSoundFv,KartSound.o,YamamotoM.a,false
DoDriverChampionVoice__9KartSoundFv,KartSound.o,YamamotoM.a,false
DoDriverPrizeVoice__9KartSoundFv,KartSound.o,YamamotoM.a,false
DoDriverOutsideVoice__9KartSoundFv,KartSound.o,YamamotoM.a,false
DoDriverGoalVoice__9KartSoundFv,KartSound.o,YamamotoM.a,false
DoSpinVoice__9KartSoundFv,KartSound.o,YamamotoM.a,false
DoFallVoice__9KartSoundFv,KartSound.o,YamamotoM.a,false
DoDashVoice__9KartSoundFv,KartSound.o,YamamotoM.a,false
DoGoldenDashVoice__9KartSoundFv,KartSound.o,YamamotoM.a,false
DoThrowVoice__9KartSoundFv,KartSound.o,YamamotoM.a,false
DoPutVoice__9KartSoundFv,KartSound.o,YamamotoM.a,false
DoChangeVoice__9KartSoundFv,KartSound.o,YamamotoM.a,false
DoWanwanVoice__9KartSoundFv,KartSound.o,YamamotoM.a,false
DoItmHitVoice__9KartSoundFv,KartSound.o,YamamotoM.a,false
DoPathVoice__9KartSoundFv,KartSound.o,YamamotoM.a,false
DoShootVoice__9KartSoundFv,KartSound.o,YamamotoM.a,false
DoRollCrashVoice__9KartSoundFv,KartSound.o,YamamotoM.a,false
DoHeartVoice__9KartSoundFv,KartSound.o,YamamotoM.a,false
DoTandemVoice__9KartSoundFUc,KartSound.o,YamamotoM.a,false
DoDriverVoice__9KartSoundFUc,KartSound.o,YamamotoM.a,false
DoAllVoice__9KartSoundFUc,KartSound.o,YamamotoM.a,false
__sinit_KartSound_cpp,KartSound.o,YamamotoM.a,false
Init__10KartTargetFv,KartTaeget.o,YamamotoM.a,false
GetBrosTarget__10KartTargetFiPf,KartTaeget.o,YamamotoM.a,false
GetNextTarget__10KartTargetFiPf,KartTaeget.o,YamamotoM.a,false
GetBeforeTarget__10KartTargetFiPf,KartTaeget.o,YamamotoM.a,false
DoSearchTarget__10KartTargetFi,KartTaeget.o,YamamotoM.a,false
DoSearchRescueTarget__10KartTargetFP7CLPoint,KartTaeget.o,YamamotoM.a,false
__sinit_KartTaeget_cpp,KartTaeget.o,YamamotoM.a,false
Init__10KartRescueFi,KartRescue.o,YamamotoM.a,false
DoKeep__10KartRescueFv,KartRescue.o,YamamotoM.a,false
GetJugemuStatus__10KartRescueFv,KartRescue.o,YamamotoM.a,false
__as__9CrsGroundFRC9CrsGround,KartRescue.o,YamamotoM.a,false
getObjData__12GeographyObjCFv,KartRescue.o,YamamotoM.a,false
SetPose__10KartRescueFUc,KartRescue.o,YamamotoM.a,false
set<f>__Q29JGeometry8TVec3<f>Ffff,KartRescue.o,YamamotoM.a,false
set<f>__Q29JGeometry8TVec3<f>FRCQ29JGeometry8TVec3<f>,KartRescue.o,YamamotoM.a,false
SetJugemuPose__10KartRescueFiP8KartBody,KartRescue.o,YamamotoM.a,false
DoMove__10KartRescueFP8KartBody,KartRescue.o,YamamotoM.a,false
SetHookPos__10KartRescueFP8KartBody,KartRescue.o,YamamotoM.a,false
DoCatch__10KartRescueFv,KartRescue.o,YamamotoM.a,false
beginWarp__11KartCheckerFP10JugemPoint,KartRescue.o,YamamotoM.a,false
SetFlag__7KartCamFUs,KartRescue.o,YamamotoM.a,false
DoTop__10KartRescueFv,KartRescue.o,YamamotoM.a,false
DoDrop__10KartRescueFv,KartRescue.o,YamamotoM.a,false
DoCheckEnd__10KartRescueFv,KartRescue.o,YamamotoM.a,false
ClrFlag__7KartCamFUs,KartRescue.o,YamamotoM.a,false
MakeRescue__10KartRescueFP12GeographyObjUc,KartRescue.o,YamamotoM.a,false
__ct<f>__Q29JGeometry8TVec3<f>Ffff,KartRescue.o,YamamotoM.a,false
DoRescueCrl__10KartRescueFv,KartRescue.o,YamamotoM.a,false
endWarp__11KartCheckerFv,KartRescue.o,YamamotoM.a,false
getBodyCtrl__9RivalKartFv,KartRescue.o,YamamotoM.a,false
getCLPoint__10JugemPointFv,KartRescue.o,YamamotoM.a,false
isFreeze__6CourseFv,KartRescue.o,YamamotoM.a,false
isSnow__7CrsDataCFv,KartRescue.o,YamamotoM.a,false
eat__14TMapObjAntLionFv,KartRescue.o,YamamotoM.a,false
GETWipeManager__Fv,KartRescue.o,YamamotoM.a,false
getManager__11WipeManagerFv,KartRescue.o,YamamotoM.a,false
DoAfterRescueCrl__10KartRescueFv,KartRescue.o,YamamotoM.a,false
__sinit_KartRescue_cpp,KartRescue.o,YamamotoM.a,false
Init__10KartCannonFi,KartCannon.o,YamamotoM.a,false
MakeCannon__10KartCannonFv,KartCannon.o,YamamotoM.a,false
getSpec__9GeoCannonCFv,KartCannon.o,YamamotoM.a,false
DoKeep__10KartCannonFv,KartCannon.o,YamamotoM.a,false
SetPose__10KartCannonFv,KartCannon.o,YamamotoM.a,false
set<f>__Q29JGeometry8TVec3<f>Ffff,KartCannon.o,YamamotoM.a,false
getShotDirection__9GeoCannonFPQ29JGeometry8TVec3<f>,KartCannon.o,YamamotoM.a,false
getShotPosition__9GeoCannonFPQ29JGeometry8TVec3<f>,KartCannon.o,YamamotoM.a,false
set<f>__Q29JGeometry8TVec3<f>FRCQ29JGeometry8TVec3<f>,KartCannon.o,YamamotoM.a,false
DoCatch__10KartCannonFv,KartCannon.o,YamamotoM.a,false
DoLaunch__10KartCannonFv,KartCannon.o,YamamotoM.a,false
DoFlight__10KartCannonFv,KartCannon.o,YamamotoM.a,false
DoTouchDown__10KartCannonFv,KartCannon.o,YamamotoM.a,false
DoLanding__10KartCannonFv,KartCannon.o,YamamotoM.a,false
DoCheckEnd__10KartCannonFv,KartCannon.o,YamamotoM.a,false
DoRainbowLaunch__10KartCannonFv,KartCannon.o,YamamotoM.a,false
DoRainbowFlight__10KartCannonFv,KartCannon.o,YamamotoM.a,false
DoRainbowTouchDown__10KartCannonFv,KartCannon.o,YamamotoM.a,false
DoRainbowLanding__10KartCannonFv,KartCannon.o,YamamotoM.a,false
DoRainbowCheckEnd__10KartCannonFv,KartCannon.o,YamamotoM.a,false
DoCannonCrl__10KartCannonFv,KartCannon.o,YamamotoM.a,false
DoDonkyCannonCrl__10KartCannonFv,KartCannon.o,YamamotoM.a,false
DoRainbowCannonCrl__10KartCannonFv,KartCannon.o,YamamotoM.a,false
DoAfterCannonCrl__10KartCannonFv,KartCannon.o,YamamotoM.a,false
__sinit_KartCannon_cpp,KartCannon.o,YamamotoM.a,false
Init__10KartDossinFi,KartDossin.o,YamamotoM.a,false
DoDossinTimer__10KartDossinFv,KartDossin.o,YamamotoM.a,false
MakeDossin__10KartDossinFP12GeographyObj,KartDossin.o,YamamotoM.a,false
DoDossin__10KartDossinFv,KartDossin.o,YamamotoM.a,false
set<f>__Q29JGeometry8TVec3<f>FRCQ29JGeometry8TVec3<f>,KartDossin.o,YamamotoM.a,false
getVelocity__12GeographyObjCFPQ29JGeometry8TVec3<f>,KartDossin.o,YamamotoM.a,false
DoKeep__10KartDossinFv,KartDossin.o,YamamotoM.a,false
DoClear__10KartDossinFv,KartDossin.o,YamamotoM.a,false
DoCheck__10KartDossinFv,KartDossin.o,YamamotoM.a,false
DoReturn__10KartDossinFv,KartDossin.o,YamamotoM.a,false
DoShake__10KartDossinFv,KartDossin.o,YamamotoM.a,false
DoCheckEnd__10KartDossinFv,KartDossin.o,YamamotoM.a,false
DoDossinCrl__10KartDossinFv,KartDossin.o,YamamotoM.a,false
DoAfterDossinCrl__10KartDossinFv,KartDossin.o,YamamotoM.a,false
__sinit_KartDossin_cpp,KartDossin.o,YamamotoM.a,false
Init__10KartTumbleFi,KartTumble.o,YamamotoM.a,false
MakeWanWanTumble__10KartTumbleFP7ItemObj,KartTumble.o,YamamotoM.a,false
set<f>__Q29JGeometry8TVec3<f>FRCQ29JGeometry8TVec3<f>,KartTumble.o,YamamotoM.a,false
getPos__7ItemObjFPQ29JGeometry8TVec3<f>,KartTumble.o,YamamotoM.a,false
MakeKameTumble__10KartTumbleFP7ItemObj,KartTumble.o,YamamotoM.a,false
MakeStarTumble__10KartTumbleFv,KartTumble.o,YamamotoM.a,false
MakeDashTumble__10KartTumbleFv,KartTumble.o,YamamotoM.a,false
DoTumble__10KartTumbleFv,KartTumble.o,YamamotoM.a,false
DoPakunTumble__10KartTumbleFv,KartTumble.o,YamamotoM.a,false
DoHanaTumble__10KartTumbleFv,KartTumble.o,YamamotoM.a,false
MakePoiHanaTumble__10KartTumbleFv,KartTumble.o,YamamotoM.a,false
DoShootCrashCrl__10KartTumbleFv,KartTumble.o,YamamotoM.a,false
DoTumbleCrl__10KartTumbleFv,KartTumble.o,YamamotoM.a,false
DoAfterTumbleCrl__10KartTumbleFv,KartTumble.o,YamamotoM.a,false
__sinit_KartTumble_cpp,KartTumble.o,YamamotoM.a,false
Init__9KartCheckFi,KartChecker.o,YamamotoM.a,false
CheckCrash__9KartCheckFv,KartChecker.o,YamamotoM.a,false
CheckCheange__9KartCheckFi,KartChecker.o,YamamotoM.a,false
CheckSpecialDyn__9KartCheckFv,KartChecker.o,YamamotoM.a,false
CheckSpecialDyn2__9KartCheckFv,KartChecker.o,YamamotoM.a,false
CheckBodyHit__9KartCheckFii,KartChecker.o,YamamotoM.a,false
CheckAllClearKey__9KartCheckFv,KartChecker.o,YamamotoM.a,false
CheckAllClearKeyT__9KartCheckFv,KartChecker.o,YamamotoM.a,false
getScene__8KartBodyFv,KartChecker.o,YamamotoM.a,false
CheckPartsClearKey__9KartCheckFi,KartChecker.o,YamamotoM.a,false
CheckOnlyTandemPartsClearKey__9KartCheckFi,KartChecker.o,YamamotoM.a,false
CheckPlayer__9KartCheckFv,KartChecker.o,YamamotoM.a,false
CheckDraw__9KartCheckFUli,KartChecker.o,YamamotoM.a,false
GetTargetNum__7KartCamFv,KartChecker.o,YamamotoM.a,false
CheckIndication__9KartCheckFv,KartChecker.o,YamamotoM.a,false
__sinit_KartChecker_cpp,KartChecker.o,YamamotoM.a,false
Init__10KartDamageFi,KartDamage.o,YamamotoM.a,false
ClrSetDamage__10KartDamageFv,KartDamage.o,YamamotoM.a,false
ClrAllDamage__10KartDamageFv,KartDamage.o,YamamotoM.a,false
TstSetDamage__10KartDamageFv,KartDamage.o,YamamotoM.a,false
SetDamager__10KartDamageFv,KartDamage.o,YamamotoM.a,false
SetSetDamage__10KartDamageFv,KartDamage.o,YamamotoM.a,false
SetSetBurn__10KartDamageFv,KartDamage.o,YamamotoM.a,false
SetSetBigDamage__10KartDamageFv,KartDamage.o,YamamotoM.a,false
SetDriverDamageAnime__10KartDamageFv,KartDamage.o,YamamotoM.a,false
SetDriverEndDamageAnime__10KartDamageFv,KartDamage.o,YamamotoM.a,false
SetDamageAnime__10KartDamageFv,KartDamage.o,YamamotoM.a,false
SetBurnAnime__10KartDamageFv,KartDamage.o,YamamotoM.a,false
SetBigDamageAnime__10KartDamageFv,KartDamage.o,YamamotoM.a,false
isTinyProcess__7RaceMgrCFv,KartDamage.o,YamamotoM.a,false
isTinyProcess__8RaceInfoCFv,KartDamage.o,YamamotoM.a,false
MakeHalfDamage__10KartDamageFv,KartDamage.o,YamamotoM.a,false
MakeDamage__10KartDamageFv,KartDamage.o,YamamotoM.a,false
MakeBigDamage__10KartDamageFv,KartDamage.o,YamamotoM.a,false
MakeBurnDamage__10KartDamageFv,KartDamage.o,YamamotoM.a,false
DoDamageCrl__10KartDamageFv,KartDamage.o,YamamotoM.a,false
__sinit_KartDamage_cpp,KartDamage.o,YamamotoM.a,false
Init__8KartStarFi,KartStar.o,YamamotoM.a,false
MakeStar__8KartStarFv,KartStar.o,YamamotoM.a,false
StopStar__8KartStarFv,KartStar.o,YamamotoM.a,false
DoStarCrl__8KartStarFv,KartStar.o,YamamotoM.a,false
__sinit_KartStar_cpp,KartStar.o,YamamotoM.a,false
Init__8KartTireFi,KartTire.o,YamamotoM.a,false
__sinit_KartTire_cpp,KartTire.o,YamamotoM.a,false
Init__11KartThunderFi,KartThunder.o,YamamotoM.a,false
DoReturn__11KartThunderFv,KartThunder.o,YamamotoM.a,false
DoShake__11KartThunderFv,KartThunder.o,YamamotoM.a,false
ClearThunder__11KartThunderFv,KartThunder.o,YamamotoM.a,false
MakeThunder__11KartThunderFv,KartThunder.o,YamamotoM.a,false
DoThunderCrl__11KartThunderFv,KartThunder.o,YamamotoM.a,false
__sinit_KartThunder_cpp,KartThunder.o,YamamotoM.a,false
Init__9KartCrashFi,KartCrash.o,YamamotoM.a,false
DoRabbitMark__9KartCrashFv,KartCrash.o,YamamotoM.a,false
DoMatchlessTimer__9KartCrashFv,KartCrash.o,YamamotoM.a,false
flashOff__10KartDrawerFv,KartCrash.o,YamamotoM.a,false
flashOn__10KartDrawerFv,KartCrash.o,YamamotoM.a,false
CheckMatchlessTimer__9KartCrashFv,KartCrash.o,YamamotoM.a,false
SetMatchlessTimer__9KartCrashFv,KartCrash.o,YamamotoM.a,false
ClearMatchlessTimer__9KartCrashFv,KartCrash.o,YamamotoM.a,false
DoDecBalloon__9KartCrashFv,KartCrash.o,YamamotoM.a,false
DoPointBomb__9KartCrashFP7ItemObj,KartCrash.o,YamamotoM.a,false
setBEHitBomb__11KartCheckerFP7ItemObj,KartCrash.o,YamamotoM.a,false
DoDecPointBomb__9KartCrashFv,KartCrash.o,YamamotoM.a,false
setBEJugem__11KartCheckerFv,KartCrash.o,YamamotoM.a,false
SaveDir__9KartCrashFv,KartCrash.o,YamamotoM.a,false
set<f>__Q29JGeometry8TVec3<f>Ffff,KartCrash.o,YamamotoM.a,false
set<f>__Q29JGeometry8TVec3<f>FRCQ29JGeometry8TVec3<f>,KartCrash.o,YamamotoM.a,false
NonRescue__9KartCrashFv,KartCrash.o,YamamotoM.a,false
searchInvValley__7CrsAreaFRCQ29JGeometry8TVec3<f>,KartCrash.o,YamamotoM.a,false
DoRollCrashCrl__9KartCrashFv,KartCrash.o,YamamotoM.a,false
DoPitchCrashCrl__9KartCrashFv,KartCrash.o,YamamotoM.a,false
MakeBombCrash__9KartCrashFP7ItemObj,KartCrash.o,YamamotoM.a,false
DoBombCrashCrl__9KartCrashFv,KartCrash.o,YamamotoM.a,false
MakeKameCrash__9KartCrashFP7ItemObj,KartCrash.o,YamamotoM.a,false
MakeTornado__9KartCrashFv,KartCrash.o,YamamotoM.a,false
DoTornadeCenter__9KartCrashFv,KartCrash.o,YamamotoM.a,false
DotornadeCrashCrl__9KartCrashFv,KartCrash.o,YamamotoM.a,false
MakeSpin__9KartCrashFP7ItemObj,KartCrash.o,YamamotoM.a,false
DoSpinCrashCrl__9KartCrashFv,KartCrash.o,YamamotoM.a,false
MakeHalfSpin__9KartCrashFP7ItemObj,KartCrash.o,YamamotoM.a,false
DoHalfSpinCrashCrl__9KartCrashFv,KartCrash.o,YamamotoM.a,false
MakeThunderSpin__9KartCrashFv,KartCrash.o,YamamotoM.a,false
MakeBurn__9KartCrashFP7ItemObj,KartCrash.o,YamamotoM.a,false
IsEfctTypeRed__12ItemFireBallCFv,KartCrash.o,YamamotoM.a,false
getItemColorID__7ItemObjCFv,KartCrash.o,YamamotoM.a,false
MakeFreezeCrash__9KartCrashFv,KartCrash.o,YamamotoM.a,false
DoFreezeCrashCrl__9KartCrashFv,KartCrash.o,YamamotoM.a,false
__sinit_KartCrash_cpp,KartCrash.o,YamamotoM.a,false
Init__11KartDemoCamFP7KartCam,KartDemoCam.o,YamamotoM.a,false
ChaseFovy__11KartDemoCamFPCQ27CrsData6Camera,KartDemoCam.o,YamamotoM.a,false
SetFovy__7KartCamFf,KartDemoCam.o,YamamotoM.a,false
getFovy__Q27CrsData6CameraCFv,KartDemoCam.o,YamamotoM.a,false
getFovy2__Q27CrsData6CameraCFv,KartDemoCam.o,YamamotoM.a,false
DoInitCol__11KartDemoCamFv,KartDemoCam.o,YamamotoM.a,false
set<f>__Q29JGeometry8TVec3<f>FRCQ29JGeometry8TVec3<f>,KartDemoCam.o,YamamotoM.a,false
DoCol__11KartDemoCamFv,KartDemoCam.o,YamamotoM.a,false
InitFixCam__11KartDemoCamFv,KartDemoCam.o,YamamotoM.a,false
getPosition__Q27CrsData6CameraCFPQ29JGeometry8TVec3<f>,KartDemoCam.o,YamamotoM.a,false
set<f>__Q29JGeometry8TVec3<f>Ffff,KartDemoCam.o,YamamotoM.a,false
DoFixCam__11KartDemoCamFv,KartDemoCam.o,YamamotoM.a,false
InitFixSearchCam__11KartDemoCamFv,KartDemoCam.o,YamamotoM.a,false
DoFixSearchCam__11KartDemoCamFv,KartDemoCam.o,YamamotoM.a,false
InitFixChaseCam__11KartDemoCamFv,KartDemoCam.o,YamamotoM.a,false
DoFixChaseCam__11KartDemoCamFv,KartDemoCam.o,YamamotoM.a,false
InitChaseCam__11KartDemoCamFv,KartDemoCam.o,YamamotoM.a,false
DoChaseCam__11KartDemoCamFv,KartDemoCam.o,YamamotoM.a,false
InitFixPathCam__11KartDemoCamFv,KartDemoCam.o,YamamotoM.a,false
getPathID__Q27CrsData6CameraCFv,KartDemoCam.o,YamamotoM.a,false
DoFixPathCam__11KartDemoCamFv,KartDemoCam.o,YamamotoM.a,false
getPathSpeed__Q27CrsData6CameraCFv,KartDemoCam.o,YamamotoM.a,false
InitChasePathCam__11KartDemoCamFv,KartDemoCam.o,YamamotoM.a,false
DoChasePathCam__11KartDemoCamFv,KartDemoCam.o,YamamotoM.a,false
InitFixSplCam__11KartDemoCamFv,KartDemoCam.o,YamamotoM.a,false
DoFixSplCam__11KartDemoCamFv,KartDemoCam.o,YamamotoM.a,false
InitChaseSplCam__11KartDemoCamFv,KartDemoCam.o,YamamotoM.a,false
DoChaseSplCam__11KartDemoCamFv,KartDemoCam.o,YamamotoM.a,false
InitFixPalaCam__11KartDemoCamFv,KartDemoCam.o,YamamotoM.a,false
getTargetPos2__Q27CrsData6CameraCFPQ29JGeometry8TVec3<f>,KartDemoCam.o,YamamotoM.a,false
getTargetPos__Q27CrsData6CameraCFPQ29JGeometry8TVec3<f>,KartDemoCam.o,YamamotoM.a,false
DoFixPalaCam__11KartDemoCamFv,KartDemoCam.o,YamamotoM.a,false
InitDemoPathCam__11KartDemoCamFv,KartDemoCam.o,YamamotoM.a,false
DoDemoPathCam__11KartDemoCamFv,KartDemoCam.o,YamamotoM.a,false
InitDemoParallelView__11KartDemoCamFv,KartDemoCam.o,YamamotoM.a,false
DemoParallelView__11KartDemoCamFv,KartDemoCam.o,YamamotoM.a,false
InitDemoGoalView__11KartDemoCamFv,KartDemoCam.o,YamamotoM.a,false
DemoGoalView__11KartDemoCamFv,KartDemoCam.o,YamamotoM.a,false
MapView__11KartDemoCamFv,KartDemoCam.o,YamamotoM.a,false
ObjectView__11KartDemoCamFv,KartDemoCam.o,YamamotoM.a,false
DemoInitID__11KartDemoCamFv,KartDemoCam.o,YamamotoM.a,false
getKind__Q27CrsData6CameraCFv,KartDemoCam.o,YamamotoM.a,false
InitID__11KartDemoCamFv,KartDemoCam.o,YamamotoM.a,false
DoDemoView__11KartDemoCamFv,KartDemoCam.o,YamamotoM.a,false
LiveViewChange__11KartDemoCamFv,KartDemoCam.o,YamamotoM.a,false
DemoView__11KartDemoCamFv,KartDemoCam.o,YamamotoM.a,false
requestDemoCameraID__7RaceMgrCFv,KartDemoCam.o,YamamotoM.a,false
DoPathEnd__11KartDemoCamFPQ29JGeometry8TVec3<f>Pf,KartDemoCam.o,YamamotoM.a,false
InitStartFixPathCam__11KartDemoCamFv,KartDemoCam.o,YamamotoM.a,false
DoStartFixPathCam__11KartDemoCamFv,KartDemoCam.o,YamamotoM.a,false
InitStartPathCam__11KartDemoCamFv,KartDemoCam.o,YamamotoM.a,false
DoStartPathCam__11KartDemoCamFv,KartDemoCam.o,YamamotoM.a,false
InitStartLookPathCam__11KartDemoCamFv,KartDemoCam.o,YamamotoM.a,false
DoStartLookPathCam__11KartDemoCamFv,KartDemoCam.o,YamamotoM.a,false
InitStartOnlyPathCam__11KartDemoCamFv,KartDemoCam.o,YamamotoM.a,false
DoStartOnlyPathCam__11KartDemoCamFv,KartDemoCam.o,YamamotoM.a,false
InitStartFixCam__11KartDemoCamFv,KartDemoCam.o,YamamotoM.a,false
DoStartFixCam__11KartDemoCamFv,KartDemoCam.o,YamamotoM.a,false
InitStartChasePathCam__11KartDemoCamFv,KartDemoCam.o,YamamotoM.a,false
DoStartChasePathCam__11KartDemoCamFv,KartDemoCam.o,YamamotoM.a,false
InitVsLastCam__11KartDemoCamFv,KartDemoCam.o,YamamotoM.a,false
VsLastCam__11KartDemoCamFv,KartDemoCam.o,YamamotoM.a,false
InitLastCam__11KartDemoCamFv,KartDemoCam.o,YamamotoM.a,false
getPosition__6TJugemCFv,KartDemoCam.o,YamamotoM.a,false
LastCam__11KartDemoCamFv,KartDemoCam.o,YamamotoM.a,false
InitStartDemoCam__11KartDemoCamFv,KartDemoCam.o,YamamotoM.a,false
StartDemoCam__11KartDemoCamFv,KartDemoCam.o,YamamotoM.a,false
SetLastDemo__11KartDemoCamFv,KartDemoCam.o,YamamotoM.a,false
SetRaceCam__11KartDemoCamFv,KartDemoCam.o,YamamotoM.a,false
SetNextID__11KartDemoCamFv,KartDemoCam.o,YamamotoM.a,false
DoExecution__11KartDemoCamFv,KartDemoCam.o,YamamotoM.a,false
GetStartID__11KartDemoCamFv,KartDemoCam.o,YamamotoM.a,false
InitStartID__11KartDemoCamFb,KartDemoCam.o,YamamotoM.a,false
StartDemoView__11KartDemoCamFv,KartDemoCam.o,YamamotoM.a,false
InitStartMapCam__11KartDemoCamFv,KartDemoCam.o,YamamotoM.a,false
StartMapCam__11KartDemoCamFv,KartDemoCam.o,YamamotoM.a,false
SetMapNextID__11KartDemoCamFv,KartDemoCam.o,YamamotoM.a,false
SetUpMapID__11KartDemoCamFv,KartDemoCam.o,YamamotoM.a,false
InitStaffView__11KartDemoCamFv,KartDemoCam.o,YamamotoM.a,false
StaffView__11KartDemoCamFv,KartDemoCam.o,YamamotoM.a,false
SetStaffNextID__11KartDemoCamFv,KartDemoCam.o,YamamotoM.a,false
SetUpStaffID__11KartDemoCamFv,KartDemoCam.o,YamamotoM.a,false
__sinit_KartDemoCam_cpp,KartDemoCam.o,YamamotoM.a,false
__sinit_KartFitParam_cpp,KartFitParam.o,YamamotoM.a,false
Init__8KartDispFi,KartDisp.o,YamamotoM.a,false
DoShake__8KartDispFv,KartDisp.o,YamamotoM.a,false
MakeDispBodyPose__8KartDispFv,KartDisp.o,YamamotoM.a,false
set<f>__Q29JGeometry8TVec3<f>Ffff,KartDisp.o,YamamotoM.a,false
MakeDispBodyPos__8KartDispFv,KartDisp.o,YamamotoM.a,false
MakeSusMatrix__8KartDispFi,KartDisp.o,YamamotoM.a,false
MatrixScale__8KartDispFPA4_ff,KartDisp.o,YamamotoM.a,false
MakeTireDispMatrix__8KartDispFv,KartDisp.o,YamamotoM.a,false
MakeBodyDispMatrix__8KartDispFv,KartDisp.o,YamamotoM.a,false
setPosY__15KartShadowModelFf,KartDisp.o,YamamotoM.a,false
MakeScaleMatrix__8KartDispFv,KartDisp.o,YamamotoM.a,false
MakeKartDisp__8KartDispFv,KartDisp.o,YamamotoM.a,false
__sinit_KartDisp_cpp,KartDisp.o,YamamotoM.a,false
Init__10KartHandleFi,KartHandle.o,YamamotoM.a,false
DoMotor__10KartHandleFQ212MotorManager9MotorType,KartHandle.o,YamamotoM.a,false
RCMIsPause__Fv,KartHandle.o,YamamotoM.a,false
isRumble__12SystemRecordFv,KartHandle.o,YamamotoM.a,false
getLGWheels__10JUTGamePadFv,KartHandle.o,YamamotoM.a,false
DoPowerMotor__10KartHandleFfUcUc,KartHandle.o,YamamotoM.a,false
StopMotor__10KartHandleFv,KartHandle.o,YamamotoM.a,false
WatchFrontalCollisionForce__10KartHandleFv,KartHandle.o,YamamotoM.a,false
__sinit_KartHandle_cpp,KartHandle.o,YamamotoM.a,false
Init__12KartAppendixFi,KartApeendix.o,YamamotoM.a,false
__sinit_KartApeendix_cpp,KartApeendix.o,YamamotoM.a,false
Init__8KartPipeFi,KartPipe.o,YamamotoM.a,false
MakePipe__8KartPipeFv,KartPipe.o,YamamotoM.a,false
stillRabbitTimer__11KartCheckerFv,KartPipe.o,YamamotoM.a,false
DoKeep__8KartPipeFv,KartPipe.o,YamamotoM.a,false
DoCatch__8KartPipeFv,KartPipe.o,YamamotoM.a,false
getCameraID__10JugemPointCFv,KartPipe.o,YamamotoM.a,false
SetPose__8KartPipeFv,KartPipe.o,YamamotoM.a,false
set<f>__Q29JGeometry8TVec3<f>Ffff,KartPipe.o,YamamotoM.a,false
set<f>__Q29JGeometry8TVec3<f>FRCQ29JGeometry8TVec3<f>,KartPipe.o,YamamotoM.a,false
DoShoot__8KartPipeFv,KartPipe.o,YamamotoM.a,false
DoCheckOutView__8KartPipeFv,KartPipe.o,YamamotoM.a,false
DoCheckEnd__8KartPipeFv,KartPipe.o,YamamotoM.a,false
DoPipeCrl__8KartPipeFv,KartPipe.o,YamamotoM.a,false
DoAfterPipeCrl__8KartPipeFv,KartPipe.o,YamamotoM.a,false
__sinit_KartPipe_cpp,KartPipe.o,YamamotoM.a,false
Init__7KartAntFi,KartAnt.o,YamamotoM.a,false
DoKeep__7KartAntFv,KartAnt.o,YamamotoM.a,false
DoCatch__7KartAntFv,KartAnt.o,YamamotoM.a,false
SetPose__7KartAntFv,KartAnt.o,YamamotoM.a,false
set<f>__Q29JGeometry8TVec3<f>FRCQ29JGeometry8TVec3<f>,KartAnt.o,YamamotoM.a,false
set<f>__Q29JGeometry8TVec3<f>Ffff,KartAnt.o,YamamotoM.a,false
DoShoot__7KartAntFv,KartAnt.o,YamamotoM.a,false
DoCheckEnd__7KartAntFv,KartAnt.o,YamamotoM.a,false
DoAntCrl__7KartAntFv,KartAnt.o,YamamotoM.a,false
DoAfterAntCrl__7KartAntFv,KartAnt.o,YamamotoM.a,false
__sinit_KartAnt_cpp,KartAnt.o,YamamotoM.a,false
DoVisible__8KartGameFv,kartChapter.o,YamamotoM.a,false
DoWinCamera__8KartGameFv,kartChapter.o,YamamotoM.a,false
DoChapterOne__8KartGameFv,kartChapter.o,YamamotoM.a,false
__ct<f>__Q29JGeometry8TVec3<f>Ffff,kartChapter.o,YamamotoM.a,false
set<f>__Q29JGeometry8TVec3<f>Ffff,kartChapter.o,YamamotoM.a,false
DoChapterTwo__8KartGameFv,kartChapter.o,YamamotoM.a,false
DoChapterThree__8KartGameFv,kartChapter.o,YamamotoM.a,false
DoChapterFour__8KartGameFv,kartChapter.o,YamamotoM.a,false
DoChapterFive__8KartGameFv,kartChapter.o,YamamotoM.a,false
DoChapterSix__8KartGameFv,kartChapter.o,YamamotoM.a,false
fadeOutGhost__10KartDrawerFv,kartChapter.o,YamamotoM.a,false
DoChapterSeven__8KartGameFv,kartChapter.o,YamamotoM.a,false
DoChapterBalloon__8KartGameFv,kartChapter.o,YamamotoM.a,false
killWipe__11WipeManagerFi,kartChapter.o,YamamotoM.a,false
startWipe__11WipeManagerFi,kartChapter.o,YamamotoM.a,false
stopWipe__11WipeManagerFi,kartChapter.o,YamamotoM.a,false
startLoserAnm__10J2DManagerFi,kartChapter.o,YamamotoM.a,false
DoChapterBomEsc__8KartGameFv,kartChapter.o,YamamotoM.a,false
isMovingToStartPoint__7RaceMgrCFv,kartChapter.o,YamamotoM.a,false
isMovingToStartPoint__12RaceDirectorCFv,kartChapter.o,YamamotoM.a,false
isPlayingWinnerAnm__7RaceMgrCFv,kartChapter.o,YamamotoM.a,false
isPlayingWinnerAnm__12RaceDirectorCFv,kartChapter.o,YamamotoM.a,false
DoStaffRoll__8KartGameFv,kartChapter.o,YamamotoM.a,false
clrDemoPoint__11KartCheckerFv,kartChapter.o,YamamotoM.a,false
isPlayingDemoWinnerAnm__7RaceMgrCFv,kartChapter.o,YamamotoM.a,false
getDemoPoint__11KartCheckerFv,kartChapter.o,YamamotoM.a,false
DoWaitBattleWin__8KartGameFv,kartChapter.o,YamamotoM.a,false
DoStartGoalCtl__8KartGameFv,kartChapter.o,YamamotoM.a,false
__sinit_kartChapter_cpp,kartChapter.o,YamamotoM.a,false
Init__10KartPerCamFi,KartPerCam.o,YamamotoM.a,false
InitFixCam__10KartPerCamFv,KartPerCam.o,YamamotoM.a,false
set<f>__Q29JGeometry8TVec3<f>FRCQ29JGeometry8TVec3<f>,KartPerCam.o,YamamotoM.a,false
set<f>__Q29JGeometry8TVec3<f>Ffff,KartPerCam.o,YamamotoM.a,false
InitFixSearchCam__10KartPerCamFv,KartPerCam.o,YamamotoM.a,false
InitFixChaseCam__10KartPerCamFv,KartPerCam.o,YamamotoM.a,false
InitChaseCam__10KartPerCamFv,KartPerCam.o,YamamotoM.a,false
InitFixPathCam__10KartPerCamFv,KartPerCam.o,YamamotoM.a,false
InitChasePathCam__10KartPerCamFv,KartPerCam.o,YamamotoM.a,false
InitFixSplCam__10KartPerCamFv,KartPerCam.o,YamamotoM.a,false
InitChaseSplCam__10KartPerCamFv,KartPerCam.o,YamamotoM.a,false
InitFixPalaCam__10KartPerCamFv,KartPerCam.o,YamamotoM.a,false
InitDemoPathCam__10KartPerCamFv,KartPerCam.o,YamamotoM.a,false
InitDemoParallelView__10KartPerCamFv,KartPerCam.o,YamamotoM.a,false
InitID__10KartPerCamFv,KartPerCam.o,YamamotoM.a,false
__sinit_KartPerCam_cpp,KartPerCam.o,YamamotoM.a,false
