__check_pad3,__start.c,Dolphin.a,false
__set_debug_bba,__start.c,Dolphin.a,false
__get_debug_bba,__start.c,Dolphin.a,false
__start,__start.c,Dolphin.a,false
__init_registers,__start.c,Dolphin.a,false
__init_data,__start.c,Dolphin.a,false
__init_hardware,__ppc_eabi_init.o,Dolphin.a,false
__flush_cache,__ppc_eabi_init.o,Dolphin.a,false
memset,__mem.c,Dolphin.a,false
__fill_mem,__mem.c,Dolphin.a,false
memcpy,__mem.c,Dolphin.a,false
TRK_memset,mem_TRK.c,Dolphin.a,false
TRK_memcpy,mem_TRK.c,Dolphin.a,false
__TRK_reset,dolphin_trk.c,Dolphin.a,false
extab,NMWException.cp,Dolphin.a,false
@205,NMWException.cp,Dolphin.a,false
@210,NMWException.cp,Dolphin.a,false
@231,NMWException.cp,Dolphin.a,false
@239,NMWException.cp,Dolphin.a,false
@262,NMWException.cp,Dolphin.a,false
PPCMfmsr,PPCArch.c,Dolphin.a,false
PPCMtmsr,PPCArch.c,Dolphin.a,false
PPCMfhid0,PPCArch.c,Dolphin.a,false
PPCMthid0,PPCArch.c,Dolphin.a,false
PPCMfl2cr,PPCArch.c,Dolphin.a,false
PPCMtl2cr,PPCArch.c,Dolphin.a,false
PPCMtdec,PPCArch.c,Dolphin.a,false
PPCSync,PPCArch.c,Dolphin.a,false
PPCHalt,PPCArch.c,Dolphin.a,false
PPCMtmmcr0,PPCArch.c,Dolphin.a,false
PPCMtmmcr1,PPCArch.c,Dolphin.a,false
PPCMtpmc1,PPCArch.c,Dolphin.a,false
PPCMtpmc2,PPCArch.c,Dolphin.a,false
PPCMtpmc3,PPCArch.c,Dolphin.a,false
PPCMtpmc4,PPCArch.c,Dolphin.a,false
PPCMffpscr,PPCArch.c,Dolphin.a,false
PPCMtfpscr,PPCArch.c,Dolphin.a,false
PPCMfhid2,PPCArch.c,Dolphin.a,false
PPCMthid2,PPCArch.c,Dolphin.a,false
PPCMtwpar,PPCArch.c,Dolphin.a,false
PPCDisableSpeculation,PPCArch.c,Dolphin.a,false
PPCSetFpNonIEEEMode,PPCArch.c,Dolphin.a,false
PSMTXIdentity,mtx.c,Dolphin.a,false
PSMTXCopy,mtx.c,Dolphin.a,false
PSMTXConcat,mtx.c,Dolphin.a,false
PSMTXTranspose,mtx.c,Dolphin.a,false
PSMTXInverse,mtx.c,Dolphin.a,false
PSMTXRotRad,mtx.c,Dolphin.a,false
PSMTXRotTrig,mtx.c,Dolphin.a,false
__PSMTXRotAxisRadInternal,mtx.c,Dolphin.a,false
PSMTXRotAxisRad,mtx.c,Dolphin.a,false
PSMTXTrans,mtx.c,Dolphin.a,false
PSMTXTransApply,mtx.c,Dolphin.a,false
PSMTXScale,mtx.c,Dolphin.a,false
PSMTXScaleApply,mtx.c,Dolphin.a,false
PSMTXQuat,mtx.c,Dolphin.a,false
C_MTXLookAt,mtx.c,Dolphin.a,false
C_MTXLightPerspective,mtx.c,Dolphin.a,false
C_MTXLightOrtho,mtx.c,Dolphin.a,false
PSMTXMultVec,mtxvec.c,Dolphin.a,false
PSMTXMultVecSR,mtxvec.c,Dolphin.a,false
PSMTXMultVecArraySR,mtxvec.c,Dolphin.a,false
C_MTXFrustum,mtx44.c,Dolphin.a,false
C_MTXPerspective,mtx44.c,Dolphin.a,false
C_MTXOrtho,mtx44.c,Dolphin.a,false
PSMTX44MultVec,mtx44vec.c,Dolphin.a,false
PSVECAdd,vec.c,Dolphin.a,false
PSVECSubtract,vec.c,Dolphin.a,false
PSVECScale,vec.c,Dolphin.a,false
PSVECNormalize,vec.c,Dolphin.a,false
PSVECMag,vec.c,Dolphin.a,false
PSVECDotProduct,vec.c,Dolphin.a,false
PSVECCrossProduct,vec.c,Dolphin.a,false
PSVECDistance,vec.c,Dolphin.a,false
PSQUATMultiply,quat.c,Dolphin.a,false
PSQUATScale,quat.c,Dolphin.a,false
PSQUATDotProduct,quat.c,Dolphin.a,false
C_QUATRotAxisRad,quat.c,Dolphin.a,false
__DVDInitWA,dvdlow.c,Dolphin.a,false
__DVDInterruptHandler,dvdlow.c,Dolphin.a,false
AlarmHandler,dvdlow.c,Dolphin.a,false
AlarmHandlerForTimeout,dvdlow.c,Dolphin.a,false
Read,dvdlow.c,Dolphin.a,false
SeekTwiceBeforeRead,dvdlow.c,Dolphin.a,false
DVDLowRead,dvdlow.c,Dolphin.a,false
DVDLowSeek,dvdlow.c,Dolphin.a,false
DVDLowWaitCoverClose,dvdlow.c,Dolphin.a,false
DVDLowReadDiskID,dvdlow.c,Dolphin.a,false
DVDLowStopMotor,dvdlow.c,Dolphin.a,false
DVDLowRequestError,dvdlow.c,Dolphin.a,false
DVDLowInquiry,dvdlow.c,Dolphin.a,false
DVDLowAudioStream,dvdlow.c,Dolphin.a,false
DVDLowRequestAudioStatus,dvdlow.c,Dolphin.a,false
DVDLowAudioBufferConfig,dvdlow.c,Dolphin.a,false
DVDLowReset,dvdlow.c,Dolphin.a,false
DVDLowBreak,dvdlow.c,Dolphin.a,false
DVDLowClearCallback,dvdlow.c,Dolphin.a,false
__DVDLowSetWAType,dvdlow.c,Dolphin.a,false
__DVDLowTestAlarm,dvdlow.c,Dolphin.a,false
__DVDFSInit,dvdfs.c,Dolphin.a,false
DVDConvertPathToEntrynum,dvdfs.c,Dolphin.a,false
DVDFastOpen,dvdfs.c,Dolphin.a,false
DVDOpen,dvdfs.c,Dolphin.a,false
DVDClose,dvdfs.c,Dolphin.a,false
entryToPath,dvdfs.c,Dolphin.a,false
DVDGetCurrentDir,dvdfs.c,Dolphin.a,false
DVDReadAsyncPrio,dvdfs.c,Dolphin.a,false
cbForReadAsync,dvdfs.c,Dolphin.a,false
DVDReadPrio,dvdfs.c,Dolphin.a,false
cbForReadSync,dvdfs.c,Dolphin.a,false
defaultOptionalCommandChecker,dvd.c,Dolphin.a,false
DVDInit,dvd.c,Dolphin.a,false
stateReadingFST,dvd.c,Dolphin.a,false
cbForStateReadingFST,dvd.c,Dolphin.a,false
cbForStateError,dvd.c,Dolphin.a,false
stateTimeout,dvd.c,Dolphin.a,false
stateGettingError,dvd.c,Dolphin.a,false
CategorizeError,dvd.c,Dolphin.a,false
cbForStateGettingError,dvd.c,Dolphin.a,false
cbForUnrecoveredError,dvd.c,Dolphin.a,false
cbForUnrecoveredErrorRetry,dvd.c,Dolphin.a,false
stateGoToRetry,dvd.c,Dolphin.a,false
cbForStateGoToRetry,dvd.c,Dolphin.a,false
stateCheckID,dvd.c,Dolphin.a,false
stateCheckID3,dvd.c,Dolphin.a,false
stateCheckID2a,dvd.c,Dolphin.a,false
cbForStateCheckID2a,dvd.c,Dolphin.a,false
stateCheckID2,dvd.c,Dolphin.a,false
cbForStateCheckID1,dvd.c,Dolphin.a,false
cbForStateCheckID2,dvd.c,Dolphin.a,false
cbForStateCheckID3,dvd.c,Dolphin.a,false
AlarmHandler,dvd.c,Dolphin.a,false
stateCoverClosed,dvd.c,Dolphin.a,false
stateCoverClosed_CMD,dvd.c,Dolphin.a,false
cbForStateCoverClosed,dvd.c,Dolphin.a,false
stateMotorStopped,dvd.c,Dolphin.a,false
cbForStateMotorStopped,dvd.c,Dolphin.a,false
stateReady,dvd.c,Dolphin.a,false
stateBusy,dvd.c,Dolphin.a,false
cbForStateBusy,dvd.c,Dolphin.a,false
DVDReadAbsAsyncPrio,dvd.c,Dolphin.a,false
DVDReadAbsAsyncForBS,dvd.c,Dolphin.a,false
DVDReadDiskID,dvd.c,Dolphin.a,false
DVDCancelStreamAsync,dvd.c,Dolphin.a,false
DVDInquiryAsync,dvd.c,Dolphin.a,false
DVDReset,dvd.c,Dolphin.a,false
DVDGetCommandBlockStatus,dvd.c,Dolphin.a,false
DVDGetDriveStatus,dvd.c,Dolphin.a,false
DVDSetAutoInvalidation,dvd.c,Dolphin.a,false
DVDResume,dvd.c,Dolphin.a,false
DVDCancelAsync,dvd.c,Dolphin.a,false
DVDCancel,dvd.c,Dolphin.a,false
cbForCancelSync,dvd.c,Dolphin.a,false
DVDGetCurrentDiskID,dvd.c,Dolphin.a,false
DVDCheckDisk,dvd.c,Dolphin.a,false
__DVDPrepareResetAsync,dvd.c,Dolphin.a,false
__DVDTestAlarm,dvd.c,Dolphin.a,false
__DVDClearWaitingQueue,dvdqueue.c,Dolphin.a,false
__DVDPushWaitingQueue,dvdqueue.c,Dolphin.a,false
__DVDPopWaitingQueue,dvdqueue.c,Dolphin.a,false
__DVDCheckWaitingQueue,dvdqueue.c,Dolphin.a,false
__DVDDequeueWaitingQueue,dvdqueue.c,Dolphin.a,false
ErrorCode2Num,dvderror.c,Dolphin.a,false
__DVDStoreErrorCode,dvderror.c,Dolphin.a,false
DVDCompareDiskID,dvdidutils.c,Dolphin.a,false
__DVDPrintFatalMessage,dvdFatal.c,Dolphin.a,false
cb,fstload.c,Dolphin.a,false
__fstLoad,fstload.c,Dolphin.a,false
__VIRetraceHandler,vi.c,Dolphin.a,false
VISetPreRetraceCallback,vi.c,Dolphin.a,false
VISetPostRetraceCallback,vi.c,Dolphin.a,false
getTiming,vi.c,Dolphin.a,false
__VIInit,vi.c,Dolphin.a,false
VIInit,vi.c,Dolphin.a,false
VIWaitForRetrace,vi.c,Dolphin.a,false
setFbbRegs,vi.c,Dolphin.a,false
setVerticalRegs,vi.c,Dolphin.a,false
VIConfigure,vi.c,Dolphin.a,false
VIFlush,vi.c,Dolphin.a,false
VISetNextFrameBuffer,vi.c,Dolphin.a,false
VIGetNextFrameBuffer,vi.c,Dolphin.a,false
VIGetCurrentFrameBuffer,vi.c,Dolphin.a,false
VISetBlack,vi.c,Dolphin.a,false
VIGetRetraceCount,vi.c,Dolphin.a,false
GetCurrentDisplayPosition,vi.c,Dolphin.a,false
getCurrentFieldEvenOdd,vi.c,Dolphin.a,false
VIGetNextField,vi.c,Dolphin.a,false
VIGetCurrentLine,vi.c,Dolphin.a,false
VIGetTvFormat,vi.c,Dolphin.a,false
VIGetDTVStatus,vi.c,Dolphin.a,false
__VIDisplayPositionToXY,vi.c,Dolphin.a,false
__VIGetCurrentPosition,vi.c,Dolphin.a,false
AIRegisterDMACallback,ai.c,Dolphin.a,false
AIInitDMA,ai.c,Dolphin.a,false
AIStartDMA,ai.c,Dolphin.a,false
AIStopDMA,ai.c,Dolphin.a,false
AISetStreamPlayState,ai.c,Dolphin.a,false
AIGetStreamPlayState,ai.c,Dolphin.a,false
AISetDSPSampleRate,ai.c,Dolphin.a,false
AIGetDSPSampleRate,ai.c,Dolphin.a,false
__AI_set_stream_sample_rate,ai.c,Dolphin.a,false
AIGetStreamSampleRate,ai.c,Dolphin.a,false
AISetStreamVolLeft,ai.c,Dolphin.a,false
AIGetStreamVolLeft,ai.c,Dolphin.a,false
AISetStreamVolRight,ai.c,Dolphin.a,false
AIGetStreamVolRight,ai.c,Dolphin.a,false
AIInit,ai.c,Dolphin.a,false
__AISHandler,ai.c,Dolphin.a,false
__AIDHandler,ai.c,Dolphin.a,false
__AICallbackStackSwitch,ai.c,Dolphin.a,false
__AI_SRC_INIT,ai.c,Dolphin.a,false
ARRegisterDMACallback,ar.c,Dolphin.a,false
ARStartDMA,ar.c,Dolphin.a,false
ARAlloc,ar.c,Dolphin.a,false
ARInit,ar.c,Dolphin.a,false
ARGetBaseAddress,ar.c,Dolphin.a,false
ARGetSize,ar.c,Dolphin.a,false
__ARHandler,ar.c,Dolphin.a,false
__ARChecksize,ar.c,Dolphin.a,false
__ARQServiceQueueLo,arq.c,Dolphin.a,false
__ARQCallbackHack,arq.c,Dolphin.a,false
__ARQInterruptServiceRoutine,arq.c,Dolphin.a,false
ARQInit,arq.c,Dolphin.a,false
ARQPostRequest,arq.c,Dolphin.a,false
DSPCheckMailToDSP,dsp.c,Dolphin.a,false
DSPCheckMailFromDSP,dsp.c,Dolphin.a,false
DSPReadMailFromDSP,dsp.c,Dolphin.a,false
DSPSendMailToDSP,dsp.c,Dolphin.a,false
DSPAssertInt,dsp.c,Dolphin.a,false
DSPInit,dsp.c,Dolphin.a,false
__DSP_debug_printf,dsp_debug.c,Dolphin.a,false
__DSP_exec_task,dsp_task.c,Dolphin.a,false
__DSP_boot_task,dsp_task.c,Dolphin.a,false
__DSP_insert_task,dsp_task.c,Dolphin.a,false
__DSP_remove_task,dsp_task.c,Dolphin.a,false
__CARDDefaultApiCallback,CARDBios.c,Dolphin.a,false
__CARDSyncCallback,CARDBios.c,Dolphin.a,false
__CARDExtHandler,CARDBios.c,Dolphin.a,false
__CARDExiHandler,CARDBios.c,Dolphin.a,false
__CARDTxHandler,CARDBios.c,Dolphin.a,false
__CARDUnlockedHandler,CARDBios.c,Dolphin.a,false
__CARDEnableInterrupt,CARDBios.c,Dolphin.a,false
__CARDReadStatus,CARDBios.c,Dolphin.a,false
__CARDClearStatus,CARDBios.c,Dolphin.a,false
TimeoutHandler,CARDBios.c,Dolphin.a,false
Retry,CARDBios.c,Dolphin.a,false
UnlockedCallback,CARDBios.c,Dolphin.a,false
__CARDStart,CARDBios.c,Dolphin.a,false
__CARDReadSegment,CARDBios.c,Dolphin.a,false
__CARDWritePage,CARDBios.c,Dolphin.a,false
__CARDEraseSector,CARDBios.c,Dolphin.a,false
CARDInit,CARDBios.c,Dolphin.a,false
__CARDGetFontEncode,CARDBios.c,Dolphin.a,false
__CARDSetDiskID,CARDBios.c,Dolphin.a,false
__CARDGetControlBlock,CARDBios.c,Dolphin.a,false
__CARDPutControlBlock,CARDBios.c,Dolphin.a,false
CARDFreeBlocks,CARDBios.c,Dolphin.a,false
__CARDSync,CARDBios.c,Dolphin.a,false
OnReset,CARDBios.c,Dolphin.a,false
bitrev,CARDUnlock.c,Dolphin.a,false
ReadArrayUnlock,CARDUnlock.c,Dolphin.a,false
DummyLen,CARDUnlock.c,Dolphin.a,false
__CARDUnlock,CARDUnlock.c,Dolphin.a,false
InitCallback,CARDUnlock.c,Dolphin.a,false
DoneCallback,CARDUnlock.c,Dolphin.a,false
BlockReadCallback,CARDRdwr.c,Dolphin.a,false
__CARDRead,CARDRdwr.c,Dolphin.a,false
BlockWriteCallback,CARDRdwr.c,Dolphin.a,false
__CARDWrite,CARDRdwr.c,Dolphin.a,false
__CARDGetFatBlock,CARDBlock.c,Dolphin.a,false
WriteCallback,CARDBlock.c,Dolphin.a,false
EraseCallback,CARDBlock.c,Dolphin.a,false
__CARDAllocBlock,CARDBlock.c,Dolphin.a,false
__CARDFreeBlock,CARDBlock.c,Dolphin.a,false
__CARDUpdateFatBlock,CARDBlock.c,Dolphin.a,false
__CARDGetDirBlock,CARDDir.c,Dolphin.a,false
WriteCallback,CARDDir.c,Dolphin.a,false
EraseCallback,CARDDir.c,Dolphin.a,false
__CARDUpdateDir,CARDDir.c,Dolphin.a,false
__CARDCheckSum,CARDCheck.c,Dolphin.a,false
VerifyID,CARDCheck.c,Dolphin.a,false
VerifyDir,CARDCheck.c,Dolphin.a,false
VerifyFAT,CARDCheck.c,Dolphin.a,false
__CARDVerify,CARDCheck.c,Dolphin.a,false
CARDCheckExAsync,CARDCheck.c,Dolphin.a,false
CARDCheck,CARDCheck.c,Dolphin.a,false
IsCard,CARDMount.c,Dolphin.a,false
CARDProbeEx,CARDMount.c,Dolphin.a,false
DoMount,CARDMount.c,Dolphin.a,false
__CARDMountCallback,CARDMount.c,Dolphin.a,false
CARDMountAsync,CARDMount.c,Dolphin.a,false
CARDMount,CARDMount.c,Dolphin.a,false
DoUnmount,CARDMount.c,Dolphin.a,false
CARDUnmount,CARDMount.c,Dolphin.a,false
FormatCallback,CARDFormat.c,Dolphin.a,false
__CARDFormatRegionAsync,CARDFormat.c,Dolphin.a,false
CARDFormat,CARDFormat.c,Dolphin.a,false
__CARDCompareFileName,CARDOpen.c,Dolphin.a,false
__CARDAccess,CARDOpen.c,Dolphin.a,false
__CARDIsWritable,CARDOpen.c,Dolphin.a,false
__CARDIsReadable,CARDOpen.c,Dolphin.a,false
__CARDGetFileNo,CARDOpen.c,Dolphin.a,false
CARDFastOpen,CARDOpen.c,Dolphin.a,false
CARDOpen,CARDOpen.c,Dolphin.a,false
CARDClose,CARDOpen.c,Dolphin.a,false
__CARDIsOpened,CARDOpen.c,Dolphin.a,false
CreateCallbackFat,CARDCreate.c,Dolphin.a,false
CARDCreateAsync,CARDCreate.c,Dolphin.a,false
CARDCreate,CARDCreate.c,Dolphin.a,false
__CARDSeek,CARDRead.c,Dolphin.a,false
ReadCallback,CARDRead.c,Dolphin.a,false
CARDReadAsync,CARDRead.c,Dolphin.a,false
CARDRead,CARDRead.c,Dolphin.a,false
WriteCallback,CARDWrite.c,Dolphin.a,false
EraseCallback,CARDWrite.c,Dolphin.a,false
CARDWriteAsync,CARDWrite.c,Dolphin.a,false
CARDWrite,CARDWrite.c,Dolphin.a,false
DeleteCallback,CARDDelete.c,Dolphin.a,false
CARDFastDeleteAsync,CARDDelete.c,Dolphin.a,false
CARDFastDelete,CARDDelete.c,Dolphin.a,false
CARDDeleteAsync,CARDDelete.c,Dolphin.a,false
CARDDelete,CARDDelete.c,Dolphin.a,false
UpdateIconOffsets,CARDStat.c,Dolphin.a,false
CARDGetStatus,CARDStat.c,Dolphin.a,false
CARDSetStatusAsync,CARDStat.c,Dolphin.a,false
CARDSetStatus,CARDStat.c,Dolphin.a,false
CARDRenameAsync,CARDRename.c,Dolphin.a,false
CARDRename,CARDRename.c,Dolphin.a,false
ExtHandler,hio.c,Dolphin.a,false
ExiHandler,hio.c,Dolphin.a,false
DbgHandler,hio.c,Dolphin.a,false
HIOEnumDevices,hio.c,Dolphin.a,false
HIOInit,hio.c,Dolphin.a,false
HIOReadMailbox,hio.c,Dolphin.a,false
HIOWriteMailbox,hio.c,Dolphin.a,false
HIOWrite,hio.c,Dolphin.a,false
__GXDefaultTexRegionCallback,GXInit.c,Dolphin.a,false
__GXDefaultTlutRegionCallback,GXInit.c,Dolphin.a,false
__GXShutdown,GXInit.c,Dolphin.a,false
GXInit,GXInit.c,Dolphin.a,false
__GXInitGX,GXInit.c,Dolphin.a,false
GXCPInterruptHandler,GXFifo.c,Dolphin.a,false
GXInitFifoBase,GXFifo.c,Dolphin.a,false
GXInitFifoPtrs,GXFifo.c,Dolphin.a,false
GXInitFifoLimits,GXFifo.c,Dolphin.a,false
GXSetCPUFifo,GXFifo.c,Dolphin.a,false
GXSetGPFifo,GXFifo.c,Dolphin.a,false
GXSaveCPUFifo,GXFifo.c,Dolphin.a,false
__GXSaveCPUFifoAux,GXFifo.c,Dolphin.a,false
GXGetGPStatus,GXFifo.c,Dolphin.a,false
GXSetBreakPtCallback,GXFifo.c,Dolphin.a,false
__GXFifoInit,GXFifo.c,Dolphin.a,false
__GXFifoReadEnable,GXFifo.c,Dolphin.a,false
__GXFifoReadDisable,GXFifo.c,Dolphin.a,false
__GXFifoLink,GXFifo.c,Dolphin.a,false
__GXWriteFifoIntEnable,GXFifo.c,Dolphin.a,false
__GXWriteFifoIntReset,GXFifo.c,Dolphin.a,false
__GXCleanGPFifo,GXFifo.c,Dolphin.a,false
GXGetCPUFifo,GXFifo.c,Dolphin.a,false
GXGetGPFifo,GXFifo.c,Dolphin.a,false
GXSetVtxDesc,GXAttr.c,Dolphin.a,false
GXSetVtxDescv,GXAttr.c,Dolphin.a,false
__GXSetVCD,GXAttr.c,Dolphin.a,false
__GXCalculateVLim,GXAttr.c,Dolphin.a,false
GXGetVtxDesc,GXAttr.c,Dolphin.a,false
GXGetVtxDescv,GXAttr.c,Dolphin.a,false
GXClearVtxDesc,GXAttr.c,Dolphin.a,false
GXSetVtxAttrFmt,GXAttr.c,Dolphin.a,false
GXSetVtxAttrFmtv,GXAttr.c,Dolphin.a,false
__GXSetVAT,GXAttr.c,Dolphin.a,false
GXGetVtxAttrFmt,GXAttr.c,Dolphin.a,false
GXGetVtxAttrFmtv,GXAttr.c,Dolphin.a,false
GXSetArray,GXAttr.c,Dolphin.a,false
GXInvalidateVtxCache,GXAttr.c,Dolphin.a,false
GXSetTexCoordGen2,GXAttr.c,Dolphin.a,false
GXSetNumTexGens,GXAttr.c,Dolphin.a,false
GXSetMisc,GXMisc.c,Dolphin.a,false
GXFlush,GXMisc.c,Dolphin.a,false
__GXAbort,GXMisc.c,Dolphin.a,false
GXAbortFrame,GXMisc.c,Dolphin.a,false
GXSetDrawDone,GXMisc.c,Dolphin.a,false
GXDrawDone,GXMisc.c,Dolphin.a,false
GXPixModeSync,GXMisc.c,Dolphin.a,false
GXPokeAlphaMode,GXMisc.c,Dolphin.a,false
GXPokeAlphaRead,GXMisc.c,Dolphin.a,false
GXPokeAlphaUpdate,GXMisc.c,Dolphin.a,false
GXPokeBlendMode,GXMisc.c,Dolphin.a,false
GXPokeColorUpdate,GXMisc.c,Dolphin.a,false
GXPokeDstAlpha,GXMisc.c,Dolphin.a,false
GXPokeDither,GXMisc.c,Dolphin.a,false
GXPokeZMode,GXMisc.c,Dolphin.a,false
GXPeekARGB,GXMisc.c,Dolphin.a,false
GXSetDrawSyncCallback,GXMisc.c,Dolphin.a,false
GXTokenInterruptHandler,GXMisc.c,Dolphin.a,false
GXSetDrawDoneCallback,GXMisc.c,Dolphin.a,false
GXFinishInterruptHandler,GXMisc.c,Dolphin.a,false
__GXPEInit,GXMisc.c,Dolphin.a,false
__GXSetDirtyState,GXGeometry.c,Dolphin.a,false
GXBegin,GXGeometry.c,Dolphin.a,false
__GXSendFlushPrim,GXGeometry.c,Dolphin.a,false
GXSetLineWidth,GXGeometry.c,Dolphin.a,false
GXSetPointSize,GXGeometry.c,Dolphin.a,false
GXEnableTexOffsets,GXGeometry.c,Dolphin.a,false
GXSetCullMode,GXGeometry.c,Dolphin.a,false
GXSetCoPlanar,GXGeometry.c,Dolphin.a,false
__GXSetGenMode,GXGeometry.c,Dolphin.a,false
GXSetDispCopySrc,GXFrameBuf.c,Dolphin.a,false
GXSetTexCopySrc,GXFrameBuf.c,Dolphin.a,false
GXSetDispCopyDst,GXFrameBuf.c,Dolphin.a,false
GXSetTexCopyDst,GXFrameBuf.c,Dolphin.a,false
GXSetDispCopyFrame2Field,GXFrameBuf.c,Dolphin.a,false
GXSetCopyClamp,GXFrameBuf.c,Dolphin.a,false
GXGetNumXfbLines,GXFrameBuf.c,Dolphin.a,false
GXGetYScaleFactor,GXFrameBuf.c,Dolphin.a,false
GXSetDispCopyYScale,GXFrameBuf.c,Dolphin.a,false
GXSetCopyClear,GXFrameBuf.c,Dolphin.a,false
GXSetCopyFilter,GXFrameBuf.c,Dolphin.a,false
GXSetDispCopyGamma,GXFrameBuf.c,Dolphin.a,false
GXCopyDisp,GXFrameBuf.c,Dolphin.a,false
GXCopyTex,GXFrameBuf.c,Dolphin.a,false
GXClearBoundingBox,GXFrameBuf.c,Dolphin.a,false
GXInitLightAttn,GXLight.c,Dolphin.a,false
GXInitLightPos,GXLight.c,Dolphin.a,false
GXInitLightColor,GXLight.c,Dolphin.a,false
GXLoadLightObjImm,GXLight.c,Dolphin.a,false
GXSetChanAmbColor,GXLight.c,Dolphin.a,false
GXSetChanMatColor,GXLight.c,Dolphin.a,false
GXSetNumChans,GXLight.c,Dolphin.a,false
GXSetChanCtrl,GXLight.c,Dolphin.a,false
GXGetTexBufferSize,GXTexture.c,Dolphin.a,false
__GetImageTileCount,GXTexture.c,Dolphin.a,false
GXInitTexObj,GXTexture.c,Dolphin.a,false
GXInitTexObjCI,GXTexture.c,Dolphin.a,false
GXInitTexObjLOD,GXTexture.c,Dolphin.a,false
GXGetTexObjFmt,GXTexture.c,Dolphin.a,false
GXGetTexObjMipMap,GXTexture.c,Dolphin.a,false
GXLoadTexObjPreLoaded,GXTexture.c,Dolphin.a,false
GXLoadTexObj,GXTexture.c,Dolphin.a,false
GXInitTlutObj,GXTexture.c,Dolphin.a,false
GXLoadTlut,GXTexture.c,Dolphin.a,false
GXInitTexCacheRegion,GXTexture.c,Dolphin.a,false
GXInitTlutRegion,GXTexture.c,Dolphin.a,false
GXInvalidateTexAll,GXTexture.c,Dolphin.a,false
GXSetTexRegionCallback,GXTexture.c,Dolphin.a,false
GXSetTlutRegionCallback,GXTexture.c,Dolphin.a,false
__SetSURegs,GXTexture.c,Dolphin.a,false
__GXSetSUTexRegs,GXTexture.c,Dolphin.a,false
__GXSetTmemConfig,GXTexture.c,Dolphin.a,false
GXSetTevIndirect,GXBump.c,Dolphin.a,false
GXSetIndTexMtx,GXBump.c,Dolphin.a,false
GXSetIndTexCoordScale,GXBump.c,Dolphin.a,false
GXSetIndTexOrder,GXBump.c,Dolphin.a,false
GXSetNumIndStages,GXBump.c,Dolphin.a,false
GXSetTevDirect,GXBump.c,Dolphin.a,false
GXSetTevIndWarp,GXBump.c,Dolphin.a,false
__GXUpdateBPMask,GXBump.c,Dolphin.a,false
__GXSetIndirectMask,GXBump.c,Dolphin.a,false
__GXFlushTextureState,GXBump.c,Dolphin.a,false
GXSetTevOp,GXTev.c,Dolphin.a,false
GXSetTevColorIn,GXTev.c,Dolphin.a,false
GXSetTevAlphaIn,GXTev.c,Dolphin.a,false
GXSetTevColorOp,GXTev.c,Dolphin.a,false
GXSetTevAlphaOp,GXTev.c,Dolphin.a,false
GXSetTevColor,GXTev.c,Dolphin.a,false
GXSetTevColorS10,GXTev.c,Dolphin.a,false
GXSetTevKColor,GXTev.c,Dolphin.a,false
GXSetTevKColorSel,GXTev.c,Dolphin.a,false
GXSetTevKAlphaSel,GXTev.c,Dolphin.a,false
GXSetTevSwapMode,GXTev.c,Dolphin.a,false
GXSetTevSwapModeTable,GXTev.c,Dolphin.a,false
GXSetAlphaCompare,GXTev.c,Dolphin.a,false
GXSetZTexture,GXTev.c,Dolphin.a,false
GXSetTevOrder,GXTev.c,Dolphin.a,false
GXSetNumTevStages,GXTev.c,Dolphin.a,false
GXSetFog,GXPixel.c,Dolphin.a,false
GXSetFogRangeAdj,GXPixel.c,Dolphin.a,false
GXSetBlendMode,GXPixel.c,Dolphin.a,false
GXSetColorUpdate,GXPixel.c,Dolphin.a,false
GXSetAlphaUpdate,GXPixel.c,Dolphin.a,false
GXSetZMode,GXPixel.c,Dolphin.a,false
GXSetZCompLoc,GXPixel.c,Dolphin.a,false
GXSetPixelFmt,GXPixel.c,Dolphin.a,false
GXSetDither,GXPixel.c,Dolphin.a,false
GXSetDstAlpha,GXPixel.c,Dolphin.a,false
GXSetFieldMask,GXPixel.c,Dolphin.a,false
GXSetFieldMode,GXPixel.c,Dolphin.a,false
GXDrawCylinder,GXDraw.c,Dolphin.a,false
GXDrawCubeFace,GXDraw.c,Dolphin.a,false
GXDrawCube,GXDraw.c,Dolphin.a,false
GXCallDisplayList,GXDisplayList.c,Dolphin.a,false
GXSetProjection,GXTransform.c,Dolphin.a,false
GXSetProjectionv,GXTransform.c,Dolphin.a,false
GXLoadPosMtxImm,GXTransform.c,Dolphin.a,false
GXLoadNrmMtxImm,GXTransform.c,Dolphin.a,false
GXSetCurrentMtx,GXTransform.c,Dolphin.a,false
GXLoadTexMtxImm,GXTransform.c,Dolphin.a,false
__GXSetViewport,GXTransform.c,Dolphin.a,false
GXSetViewport,GXTransform.c,Dolphin.a,false
GXSetScissor,GXTransform.c,Dolphin.a,false
GXGetScissor,GXTransform.c,Dolphin.a,false
GXSetScissorBoxOffset,GXTransform.c,Dolphin.a,false
GXSetClipMode,GXTransform.c,Dolphin.a,false
__GXSetMatrixIndex,GXTransform.c,Dolphin.a,false
GXSetGPMetric,GXPerf.c,Dolphin.a,false
GXClearGPMetric,GXPerf.c,Dolphin.a,false
GXReadXfRasMetric,GXPerf.c,Dolphin.a,false
EXI2_Init,AmcExi2Stubs.c,Dolphin.a,false
EXI2_EnableInterrupts,AmcExi2Stubs.c,Dolphin.a,false
EXI2_Poll,AmcExi2Stubs.c,Dolphin.a,false
EXI2_ReadN,AmcExi2Stubs.c,Dolphin.a,false
EXI2_WriteN,AmcExi2Stubs.c,Dolphin.a,false
EXI2_Reserve,AmcExi2Stubs.c,Dolphin.a,false
EXI2_Unreserve,AmcExi2Stubs.c,Dolphin.a,false
AMC_IsStub,AmcExi2Stubs.c,Dolphin.a,false
Hu_IsStub,odenotstub.c,Dolphin.a,false
DBClose,DebuggerDriver.c,Dolphin.a,false
DBOpen,DebuggerDriver.c,Dolphin.a,false
DBWrite,DebuggerDriver.c,Dolphin.a,false
DBRead,DebuggerDriver.c,Dolphin.a,false
DBQueryData,DebuggerDriver.c,Dolphin.a,false
DBInitInterrupts,DebuggerDriver.c,Dolphin.a,false
DBInitComm,DebuggerDriver.c,Dolphin.a,false
DBGHandler,DebuggerDriver.c,Dolphin.a,false
MWCallback,DebuggerDriver.c,Dolphin.a,false
DBGReadStatus,DebuggerDriver.c,Dolphin.a,false
DBGWrite,DebuggerDriver.c,Dolphin.a,false
DBGRead,DebuggerDriver.c,Dolphin.a,false
DBGReadMailbox,DebuggerDriver.c,Dolphin.a,false
DBGEXIImm,DebuggerDriver.c,Dolphin.a,false
SetExiInterruptMask,EXIBios.c,Dolphin.a,false
EXIImm,EXIBios.c,Dolphin.a,false
EXIImmEx,EXIBios.c,Dolphin.a,false
EXIDma,EXIBios.c,Dolphin.a,false
EXISync,EXIBios.c,Dolphin.a,false
EXIClearInterrupts,EXIBios.c,Dolphin.a,false
EXISetExiCallback,EXIBios.c,Dolphin.a,false
__EXIProbe,EXIBios.c,Dolphin.a,false
EXIProbe,EXIBios.c,Dolphin.a,false
EXIProbeEx,EXIBios.c,Dolphin.a,false
EXIAttach,EXIBios.c,Dolphin.a,false
EXIDetach,EXIBios.c,Dolphin.a,false
EXISelect,EXIBios.c,Dolphin.a,false
EXIDeselect,EXIBios.c,Dolphin.a,false
EXIIntrruptHandler,EXIBios.c,Dolphin.a,false
TCIntrruptHandler,EXIBios.c,Dolphin.a,false
EXTIntrruptHandler,EXIBios.c,Dolphin.a,false
EXIInit,EXIBios.c,Dolphin.a,false
EXILock,EXIBios.c,Dolphin.a,false
EXIUnlock,EXIBios.c,Dolphin.a,false
EXIGetState,EXIBios.c,Dolphin.a,false
UnlockedHandler,EXIBios.c,Dolphin.a,false
EXIGetID,EXIBios.c,Dolphin.a,false
EXIGetType,EXIBios.c,Dolphin.a,false
ProbeBarnacle,EXIUart.c,Dolphin.a,false
__OSEnableBarnacle,EXIUart.c,Dolphin.a,false
InitializeUART,EXIUart.c,Dolphin.a,false
WriteUARTN,EXIUart.c,Dolphin.a,false
GDInitGDLObj,GDBase.c,Dolphin.a,false
GDFlushCurrToMem,GDBase.c,Dolphin.a,false
GDPadCurr32,GDBase.c,Dolphin.a,false
GDOverflowed,GDBase.c,Dolphin.a,false
GDSetVtxDescv,GDGeometry.c,Dolphin.a,false
GDSetArray,GDGeometry.c,Dolphin.a,false
GDSetArrayRaw,GDGeometry.c,Dolphin.a,false
IPNtoA,IP.c,Dolphin.a,false
IPLookupInfo,IP.c,Dolphin.a,false
__IPIsMember,IP.c,Dolphin.a,false
IPBind,IP.c,Dolphin.a,false
IPGetAnonPort,IP.c,Dolphin.a,false
IPConnect,IP.c,Dolphin.a,false
IPGetRemoteSocket,IP.c,Dolphin.a,false
IPGetSockOpt,IP.c,Dolphin.a,false
IPSetSockOpt,IP.c,Dolphin.a,false
IPCheckSum,IP.c,Dolphin.a,false
IPIn,IP.c,Dolphin.a,false
IPOut,IP.c,Dolphin.a,false
IPCancel,IP.c,Dolphin.a,false
DiscardPendingPackets,IPArp.c,Dolphin.a,false
Revalidate,IPArp.c,Dolphin.a,false
TimeoutCallback,IPArp.c,Dolphin.a,false
SendCallback,IPArp.c,Dolphin.a,false
ARPInit,IPArp.c,Dolphin.a,false
ARPLookup,IPArp.c,Dolphin.a,false
ARPRevalidate,IPArp.c,Dolphin.a,false
ARPAlloc,IPArp.c,Dolphin.a,false
ARPHold,IPArp.c,Dolphin.a,false
ARPUpdate,IPArp.c,Dolphin.a,false
ARPOut,IPArp.c,Dolphin.a,false
ARPCancel,IPArp.c,Dolphin.a,false
GratuitousCallback,IPArp.c,Dolphin.a,false
ARPGratuitous,IPArp.c,Dolphin.a,false
ClaimHandler,IPArp.c,Dolphin.a,false
ARPClaim,IPArp.c,Dolphin.a,false
DetectCollision,IPArp.c,Dolphin.a,false
ARPIn,IPArp.c,Dolphin.a,false
ARPRefresh,IPArp.c,Dolphin.a,false
DoEchoRequest,IPIcmp.c,Dolphin.a,false
DoUnreachable,IPIcmp.c,Dolphin.a,false
DoNotify,IPIcmp.c,Dolphin.a,false
ICMPIn,IPIcmp.c,Dolphin.a,false
ICMPSendError,IPIcmp.c,Dolphin.a,false
IPGetMacAddr,IPRoute.c,Dolphin.a,false
IPGetNetmask,IPRoute.c,Dolphin.a,false
IPGetAddr,IPRoute.c,Dolphin.a,false
IPGetAlias,IPRoute.c,Dolphin.a,false
IPGetMtu,IPRoute.c,Dolphin.a,false
IPGetLinkState,IPRoute.c,Dolphin.a,false
IPSetBroadcastAddr,IPRoute.c,Dolphin.a,false
IPSetAlias,IPRoute.c,Dolphin.a,false
IPSetMtu,IPRoute.c,Dolphin.a,false
IPIsBroadcastAddr,IPRoute.c,Dolphin.a,false
IPIsLoopbackAddr,IPRoute.c,Dolphin.a,false
IPIsLocalAddr,IPRoute.c,Dolphin.a,false
IPGetRoute,IPRoute.c,Dolphin.a,false
AddRoute,IPRoute.c,Dolphin.a,false
IPRedirect,IPRoute.c,Dolphin.a,false
IPInitRoute,IPRoute.c,Dolphin.a,false
IPRefreshRoute,IPRoute.c,Dolphin.a,false
DecayRoute,IPRoute.c,Dolphin.a,false
IPRecoverGateway,IPRoute.c,Dolphin.a,false
IPGetConfigError,IPRoute.c,Dolphin.a,false
IPSetConfigError,IPRoute.c,Dolphin.a,false
IPClearConfigError,IPRoute.c,Dolphin.a,false
NullCallback,IPUdp.c,Dolphin.a,false
SyncCallback,IPUdp.c,Dolphin.a,false
UDPCheckSum,IPUdp.c,Dolphin.a,false
UDPBind,IPUdp.c,Dolphin.a,false
UDPConnect,IPUdp.c,Dolphin.a,false
UDPGetRecvBuff,IPUdp.c,Dolphin.a,false
UDPSetRecvBuff,IPUdp.c,Dolphin.a,false
UDPGetSendBuff,IPUdp.c,Dolphin.a,false
UDPSetSendBuff,IPUdp.c,Dolphin.a,false
UDPOpen,IPUdp.c,Dolphin.a,false
SendCallback,IPUdp.c,Dolphin.a,false
UDPSendAsync,IPUdp.c,Dolphin.a,false
UDPSend,IPUdp.c,Dolphin.a,false
UDPReceiveExAsync,IPUdp.c,Dolphin.a,false
UDPReceiveAsync,IPUdp.c,Dolphin.a,false
UDPReceiveEx,IPUdp.c,Dolphin.a,false
Cancel,IPUdp.c,Dolphin.a,false
UDPCancel,IPUdp.c,Dolphin.a,false
UDPClose,IPUdp.c,Dolphin.a,false
UDPSetSockOpt,IPUdp.c,Dolphin.a,false
__UDPPoll,IPUdp.c,Dolphin.a,false
UDPIn,IPUdp.c,Dolphin.a,false
UDPNotify,IPUdp.c,Dolphin.a,false
UDPOnReset,IPUdp.c,Dolphin.a,false
TimeoutHandler,IPFrag.c,Dolphin.a,false
IPSetReassemblyBuffer,IPFrag.c,Dolphin.a,false
Reassemble,IPFrag.c,Dolphin.a,false
SaveFirstFragment,IPFrag.c,Dolphin.a,false
IPReassemble,IPFrag.c,Dolphin.a,false
NullFilter,IPEther.c,Dolphin.a,false
ETHIn,IPEther.c,Dolphin.a,false
Callback0,IPEther.c,Dolphin.a,false
Callback1,IPEther.c,Dolphin.a,false
Go,IPEther.c,Dolphin.a,false
GoCallback,IPEther.c,Dolphin.a,false
ETHOut,IPEther.c,Dolphin.a,false
Cancel,IPEther.c,Dolphin.a,false
Alloc,IPEther.c,Dolphin.a,false
Free,IPEther.c,Dolphin.a,false
LinkCheckHandler,IPEther.c,Dolphin.a,false
IFInit,IPEther.c,Dolphin.a,false
IFMute,IPEther.c,Dolphin.a,false
OnReset,IPEther.c,Dolphin.a,false
IFFifoInit,IFFifo.c,Dolphin.a,false
FifoAlloc,IFFifo.c,Dolphin.a,false
IFFifoAlloc,IFFifo.c,Dolphin.a,false
IFFifoFree,IFFifo.c,Dolphin.a,false
IFRingIn,IFRing.c,Dolphin.a,false
IFRingOut,IFRing.c,Dolphin.a,false
IFRingGet,IFRing.c,Dolphin.a,false
IFRingPut,IFRing.c,Dolphin.a,false
MargeBlock,IFRing.c,Dolphin.a,false
IFRingInEx,IFRing.c,Dolphin.a,false
TCPCheckSum,IPTcp.c,Dolphin.a,false
DoOption,IPTcp.c,Dolphin.a,false
TCPRespond,IPTcp.c,Dolphin.a,false
TCPTrimSegment,IPTcp.c,Dolphin.a,false
TCPIn,IPTcp.c,Dolphin.a,false
DoListen,IPTcp.c,Dolphin.a,false
DoSynSent,IPTcp.c,Dolphin.a,false
DoUrg,IPTcp.c,Dolphin.a,false
DoData,IPTcp.c,Dolphin.a,false
TCPSendIn,IPTcp.c,Dolphin.a,false
TCPPeekOut,IPTcp.c,Dolphin.a,false
TCPRecvOut,IPTcp.c,Dolphin.a,false
TCPNotify,IPTcp.c,Dolphin.a,false
TCPSourceQuench,IPTcp.c,Dolphin.a,false
TCPDeleteSackHoles,IPTcp.c,Dolphin.a,false
TCPUpdateScoreboard,IPTcp.c,Dolphin.a,false
TCPMakeOption,IPTcpOutput.c,Dolphin.a,false
TCPCalcSendSize,IPTcpOutput.c,Dolphin.a,false
DoSwsAvoidance,IPTcpOutput.c,Dolphin.a,false
TCPOutputCallback,IPTcpOutput.c,Dolphin.a,false
TCPOutput,IPTcpOutput.c,Dolphin.a,false
TCPRxmitTimeOut,IPTcpTimer.c,Dolphin.a,false
TCPStartRxmitTimer,IPTcpTimer.c,Dolphin.a,false
TCPStopRxmitTimer,IPTcpTimer.c,Dolphin.a,false
TCPCancelRxmitTimer,IPTcpTimer.c,Dolphin.a,false
TCPUpdateRtt,IPTcpTimer.c,Dolphin.a,false
TCPInitRtt,IPTcpTimer.c,Dolphin.a,false
NullCallback,IPTcpUser.c,Dolphin.a,false
SyncCallback,IPTcpUser.c,Dolphin.a,false
TCPLookupInfo,IPTcpUser.c,Dolphin.a,false
TCPGetStatus,IPTcpUser.c,Dolphin.a,false
TCPGetRemoteSocket,IPTcpUser.c,Dolphin.a,false
TCPBind,IPTcpUser.c,Dolphin.a,false
TCPAbort,IPTcpUser.c,Dolphin.a,false
TCPSetSendBuff,IPTcpUser.c,Dolphin.a,false
TCPSetRecvBuff,IPTcpUser.c,Dolphin.a,false
TCPGetSendBuff,IPTcpUser.c,Dolphin.a,false
TCPGetRecvBuff,IPTcpUser.c,Dolphin.a,false
TCPOpen,IPTcpUser.c,Dolphin.a,false
TCPListen,IPTcpUser.c,Dolphin.a,false
TCPAcceptAsync,IPTcpUser.c,Dolphin.a,false
SendAsync,IPTcpUser.c,Dolphin.a,false
TCPSendNonblock,IPTcpUser.c,Dolphin.a,false
TCPSendUrgNonblock,IPTcpUser.c,Dolphin.a,false
TCPSend,IPTcpUser.c,Dolphin.a,false
TCPSendUrg,IPTcpUser.c,Dolphin.a,false
TCPReceiveExAsync,IPTcpUser.c,Dolphin.a,false
TCPReceiveEx,IPTcpUser.c,Dolphin.a,false
TCPCloseAsync,IPTcpUser.c,Dolphin.a,false
TCPClose,IPTcpUser.c,Dolphin.a,false
TCPShutdown,IPTcpUser.c,Dolphin.a,false
TCPCancel,IPTcpUser.c,Dolphin.a,false
TCPReceiveUrgExAsync,IPTcpUser.c,Dolphin.a,false
TCPReceiveUrgEx,IPTcpUser.c,Dolphin.a,false
TCPGetSockOpt,IPTcpUser.c,Dolphin.a,false
TCPSetSockOpt,IPTcpUser.c,Dolphin.a,false
TCPSetTimeout,IPTcpUser.c,Dolphin.a,false
TCPOnReset,IPTcpUser.c,Dolphin.a,false
__TCPPoll,IPTcpUser.c,Dolphin.a,false
TCPSetTimeWaitBuffer,IPTcpTimeWait.c,Dolphin.a,false
TCPLookupTimeWaitInfo,IPTcpTimeWait.c,Dolphin.a,false
TCPTestTimeWait,IPTcpTimeWait.c,Dolphin.a,false
TCPStartTimeWait,IPTcpTimeWait.c,Dolphin.a,false
DNSOpen,IPDns.c,Dolphin.a,false
DNSClose,IPDns.c,Dolphin.a,false
UpdateDHCPInfo,IPDhcp.c,Dolphin.a,false
DHCPProcessOptions,IPDhcp.c,Dolphin.a,false
RecvCallback,IPDhcp.c,Dolphin.a,false
T1Handler,IPDhcp.c,Dolphin.a,false
T2Handler,IPDhcp.c,Dolphin.a,false
ExHandler,IPDhcp.c,Dolphin.a,false
RxmitHandler,IPDhcp.c,Dolphin.a,false
ReleaseCallback,IPDhcp.c,Dolphin.a,false
ReleaseHandler,IPDhcp.c,Dolphin.a,false
DHCPDiscover,IPDhcp.c,Dolphin.a,false
DHCPDecline,IPDhcp.c,Dolphin.a,false
DHCPRelease,IPDhcp.c,Dolphin.a,false
DHCPRequest,IPDhcp.c,Dolphin.a,false
Start,IPDhcp.c,Dolphin.a,false
Stop,IPDhcp.c,Dolphin.a,false
ClaimHandler,IPDhcp.c,Dolphin.a,false
Claim,IPDhcp.c,Dolphin.a,false
Restart,IPDhcp.c,Dolphin.a,false
NullCallback,IPDhcp.c,Dolphin.a,false
DHCPStartupEx,IPDhcp.c,Dolphin.a,false
DHCPCleanup,IPDhcp.c,Dolphin.a,false
DHCPReboot,IPDhcp.c,Dolphin.a,false
DHCPAuto,IPDhcp.c,Dolphin.a,false
DHCPGetStatus,IPDhcp.c,Dolphin.a,false
ClaimHander,IPZero.c,Dolphin.a,false
IPAutoConfig,IPZero.c,Dolphin.a,false
IPAutoStop,IPZero.c,Dolphin.a,false
IPProcessSourceRoute,IPOpt.c,Dolphin.a,false
IPReverseSourceRoute,IPOpt.c,Dolphin.a,false
IPUpdateRecordRoute,IPOpt.c,Dolphin.a,false
SOInetNtoA,IPSocket.c,Dolphin.a,false
SOInetNtoP,IPSocket.c,Dolphin.a,false
GetNode,IPSocket.c,Dolphin.a,false
PutNode,IPSocket.c,Dolphin.a,false
SOSetResolver,IPSocket.c,Dolphin.a,false
SOGetResolver,IPSocket.c,Dolphin.a,false
LcpHandler,IPSocket.c,Dolphin.a,false
DhcpHandler,IPSocket.c,Dolphin.a,false
SOInit,IPSocket.c,Dolphin.a,false
SOStartup,IPSocket.c,Dolphin.a,false
SOCleanup,IPSocket.c,Dolphin.a,false
SOSocket,IPSocket.c,Dolphin.a,false
LingerCallback,IPSocket.c,Dolphin.a,false
LingerTimeout,IPSocket.c,Dolphin.a,false
__SOClose,IPSocket.c,Dolphin.a,false
SOClose,IPSocket.c,Dolphin.a,false
AcceptCallback,IPSocket.c,Dolphin.a,false
AddBackLog,IPSocket.c,Dolphin.a,false
SOListen,IPSocket.c,Dolphin.a,false
SOAccept,IPSocket.c,Dolphin.a,false
SOBind,IPSocket.c,Dolphin.a,false
SOShutdown,IPSocket.c,Dolphin.a,false
SORead,IPSocket.c,Dolphin.a,false
SORecvFrom,IPSocket.c,Dolphin.a,false
SOWrite,IPSocket.c,Dolphin.a,false
SOSendTo,IPSocket.c,Dolphin.a,false
__SOSetSockOpt,IPSocket.c,Dolphin.a,false
SOSetSockOpt,IPSocket.c,Dolphin.a,false
SOFcntl,IPSocket.c,Dolphin.a,false
SOGetHostID,IPSocket.c,Dolphin.a,false
PollTimeout,IPSocket.c,Dolphin.a,false
__IPWakeupPollingThreads,IPSocket.c,Dolphin.a,false
SOPoll,IPSocket.c,Dolphin.a,false
OnReset,IPSocket.c,Dolphin.a,false
PPPLayerUp,IPPPP.c,Dolphin.a,false
PPPLayerDown,IPPPP.c,Dolphin.a,false
PPPLayerStarted,IPPPP.c,Dolphin.a,false
PPPLayerFinished,IPPPP.c,Dolphin.a,false
PPPInitializeRestartCount,IPPPP.c,Dolphin.a,false
PPPSetState,IPPPP.c,Dolphin.a,false
PPPGetState,IPPPP.c,Dolphin.a,false
LCPOut,IPPPP.c,Dolphin.a,false
ReceiveConfigureRequest,IPPPP.c,Dolphin.a,false
ReceiveConfigureAck,IPPPP.c,Dolphin.a,false
ReceiveConfigureNak,IPPPP.c,Dolphin.a,false
ReceiveConfigureReject,IPPPP.c,Dolphin.a,false
ReceiveTerminateRequest,IPPPP.c,Dolphin.a,false
ReceiveTerminateAck,IPPPP.c,Dolphin.a,false
ReceiveUnknownCode,IPPPP.c,Dolphin.a,false
ReceiveCodeReject,IPPPP.c,Dolphin.a,false
ReceiveProtocolReject,IPPPP.c,Dolphin.a,false
LCPIn,IPPPP.c,Dolphin.a,false
PPPIn,IPPPP.c,Dolphin.a,false
PPPOpen,IPPPP.c,Dolphin.a,false
PPPUp,IPPPP.c,Dolphin.a,false
PPPDown,IPPPP.c,Dolphin.a,false
PPPClose,IPPPP.c,Dolphin.a,false
PPPTimeout,IPPPP.c,Dolphin.a,false
PPPDeleteOpt,IPPPP.c,Dolphin.a,false
PPPInsertOpt,IPPPP.c,Dolphin.a,false
PPPInit,IPPPP.c,Dolphin.a,false
OutPADT,IPPPPoE.c,Dolphin.a,false
PPPoEOut,IPPPPoE.c,Dolphin.a,false
TimeoutCallback,IPPPPoE.c,Dolphin.a,false
Out,IPPPPoE.c,Dolphin.a,false
PPPoEInit,IPPPPoE.c,Dolphin.a,false
PPPoETerminate,IPPPPoE.c,Dolphin.a,false
ParseTags,IPPPPoE.c,Dolphin.a,false
PPPoEIn,IPPPPoE.c,Dolphin.a,false
ReceiveConfigureRequest,IPLcp.c,Dolphin.a,false
ReceiveConfigureAck,IPLcp.c,Dolphin.a,false
ReceiveConfigureNak,IPLcp.c,Dolphin.a,false
ReceiveConfigureReject,IPLcp.c,Dolphin.a,false
Up,IPLcp.c,Dolphin.a,false
Down,IPLcp.c,Dolphin.a,false
Started,IPLcp.c,Dolphin.a,false
Finished,IPLcp.c,Dolphin.a,false
PPPInitLCP,IPLcp.c,Dolphin.a,false
ReceiveConfigureRequest,IPIpcp.c,Dolphin.a,false
ReceiveConfigureAck,IPIpcp.c,Dolphin.a,false
ReceiveConfigureNak,IPIpcp.c,Dolphin.a,false
ReceiveConfigureReject,IPIpcp.c,Dolphin.a,false
Up,IPIpcp.c,Dolphin.a,false
Down,IPIpcp.c,Dolphin.a,false
Started,IPIpcp.c,Dolphin.a,false
Finished,IPIpcp.c,Dolphin.a,false
PPPInitIPCP,IPIpcp.c,Dolphin.a,false
PAPOut,IPPap.c,Dolphin.a,false
PAPOpen,IPPap.c,Dolphin.a,false
PAPUp,IPPap.c,Dolphin.a,false
PAPDown,IPPap.c,Dolphin.a,false
PAPClose,IPPap.c,Dolphin.a,false
PAPTimeout,IPPap.c,Dolphin.a,false
PAPIn,IPPap.c,Dolphin.a,false
Up,IPPap.c,Dolphin.a,false
Down,IPPap.c,Dolphin.a,false
Started,IPPap.c,Dolphin.a,false
Finished,IPPap.c,Dolphin.a,false
PAPInit,IPPap.c,Dolphin.a,false
CHAPOut,IPChap.c,Dolphin.a,false
CHAPOpen,IPChap.c,Dolphin.a,false
CHAPUp,IPChap.c,Dolphin.a,false
CHAPDown,IPChap.c,Dolphin.a,false
CHAPClose,IPChap.c,Dolphin.a,false
CHAPTimeout,IPChap.c,Dolphin.a,false
CHAPIn,IPChap.c,Dolphin.a,false
Up,IPChap.c,Dolphin.a,false
Down,IPChap.c,Dolphin.a,false
Started,IPChap.c,Dolphin.a,false
Finished,IPChap.c,Dolphin.a,false
CHAPInit,IPChap.c,Dolphin.a,false
IGMPCheckSum,IPIgmp.c,Dolphin.a,false
IGMPOut,IPIgmp.c,Dolphin.a,false
Timeout,IPIgmp.c,Dolphin.a,false
IGMPIn,IPIgmp.c,Dolphin.a,false
IGMPInit,IPIgmp.c,Dolphin.a,false
IGMPOnReset,IPIgmp.c,Dolphin.a,false
IPMulticastLookup,IPIgmp.c,Dolphin.a,false
IPMulticastJoin,IPIgmp.c,Dolphin.a,false
IPMulticastLeave,IPIgmp.c,Dolphin.a,false
IPClose,IPIgmp.c,Dolphin.a,false
IPGetUuidString,IPUuid.c,Dolphin.a,false
IPScanUuid,IPUuid.c,Dolphin.a,false
readcmdLong,eth.c,Dolphin.a,false
recvsub1,eth.c,Dolphin.a,false
readbuffer0,eth.c,Dolphin.a,false
readbuffersub,eth.c,Dolphin.a,false
readbuffer1,eth.c,Dolphin.a,false
exiinthandler,eth.c,Dolphin.a,false
ETHInit,eth.c,Dolphin.a,false
ETHSendAsync,eth.c,Dolphin.a,false
sendsub1,eth.c,Dolphin.a,false
ETHGetMACAddr,eth.c,Dolphin.a,false
ETHSetRecvCallback,eth.c,Dolphin.a,false
ETHGetLinkStateAsync,eth.c,Dolphin.a,false
ETHSetProtoType,eth.c,Dolphin.a,false
HashIndex,eth.c,Dolphin.a,false
ETHAddMulticastAddress,eth.c,Dolphin.a,false
ETHClearMulticastAddresses,eth.c,Dolphin.a,false
unlockcallback,eth.c,Dolphin.a,false
lock,eth.c,Dolphin.a,false
unlock,eth.c,Dolphin.a,false
CalcIpCheckSum,ethsec.c,Dolphin.a,false
CalcTcpCheckSum,ethsec.c,Dolphin.a,false
__ETHFilter,ethsec.c,Dolphin.a,false
__ETHPostSend,ethsec.c,Dolphin.a,false
MD5Init,md5.c,Dolphin.a,false
MD5Update,md5.c,Dolphin.a,false
MD5Final,md5.c,Dolphin.a,false
MD5Transform,md5.c,Dolphin.a,false
Encode,md5.c,Dolphin.a,false
Decode,md5.c,Dolphin.a,false
__IPEncodeToBase64,base64.c,Dolphin.a,false
__IPDecodeFromBase64,base64.c,Dolphin.a,false
__OSFPRInit,OS.c,Dolphin.a,false
OSGetConsoleType,OS.c,Dolphin.a,false
ClearArena,OS.c,Dolphin.a,false
InquiryCallback,OS.c,Dolphin.a,false
OSInit,OS.c,Dolphin.a,false
OSExceptionInit,OS.c,Dolphin.a,false
__OSDBIntegrator,OS.c,Dolphin.a,false
__OSDBJump,OS.c,Dolphin.a,false
__OSSetExceptionHandler,OS.c,Dolphin.a,false
__OSGetExceptionHandler,OS.c,Dolphin.a,false
OSExceptionVector,OS.c,Dolphin.a,false
OSDefaultExceptionHandler,OS.c,Dolphin.a,false
__OSPSInit,OS.c,Dolphin.a,false
__OSGetDIConfig,OS.c,Dolphin.a,false
OSRegisterVersion,OS.c,Dolphin.a,false
OSInitAlarm,OSAlarm.c,Dolphin.a,false
OSCreateAlarm,OSAlarm.c,Dolphin.a,false
InsertAlarm,OSAlarm.c,Dolphin.a,false
OSSetAlarm,OSAlarm.c,Dolphin.a,false
OSSetPeriodicAlarm,OSAlarm.c,Dolphin.a,false
OSCancelAlarm,OSAlarm.c,Dolphin.a,false
DecrementerExceptionCallback,OSAlarm.c,Dolphin.a,false
DecrementerExceptionHandler,OSAlarm.c,Dolphin.a,false
OnReset,OSAlarm.c,Dolphin.a,false
DLInsert,OSAlloc.c,Dolphin.a,false
OSFreeToHeap,OSAlloc.c,Dolphin.a,false
OSSetCurrentHeap,OSAlloc.c,Dolphin.a,false
OSInitAlloc,OSAlloc.c,Dolphin.a,false
OSCreateHeap,OSAlloc.c,Dolphin.a,false
OSGetArenaHi,OSArena.c,Dolphin.a,false
OSGetArenaLo,OSArena.c,Dolphin.a,false
OSSetArenaHi,OSArena.c,Dolphin.a,false
OSSetArenaLo,OSArena.c,Dolphin.a,false
__OSInitAudioSystem,OSAudioSystem.c,Dolphin.a,false
__OSStopAudioSystem,OSAudioSystem.c,Dolphin.a,false
DCEnable,OSCache.c,Dolphin.a,false
DCInvalidateRange,OSCache.c,Dolphin.a,false
DCFlushRange,OSCache.c,Dolphin.a,false
DCStoreRange,OSCache.c,Dolphin.a,false
DCFlushRangeNoSync,OSCache.c,Dolphin.a,false
DCStoreRangeNoSync,OSCache.c,Dolphin.a,false
DCZeroRange,OSCache.c,Dolphin.a,false
ICInvalidateRange,OSCache.c,Dolphin.a,false
ICFlashInvalidate,OSCache.c,Dolphin.a,false
ICEnable,OSCache.c,Dolphin.a,false
__LCEnable,OSCache.c,Dolphin.a,false
LCEnable,OSCache.c,Dolphin.a,false
LCDisable,OSCache.c,Dolphin.a,false
LCStoreBlocks,OSCache.c,Dolphin.a,false
LCStoreData,OSCache.c,Dolphin.a,false
LCQueueWait,OSCache.c,Dolphin.a,false
L2GlobalInvalidate,OSCache.c,Dolphin.a,false
DMAErrorHandler,OSCache.c,Dolphin.a,false
__OSCacheInit,OSCache.c,Dolphin.a,false
__OSLoadFPUContext,OSContext.c,Dolphin.a,false
__OSSaveFPUContext,OSContext.c,Dolphin.a,false
OSSaveFPUContext,OSContext.c,Dolphin.a,false
OSSetCurrentContext,OSContext.c,Dolphin.a,false
OSGetCurrentContext,OSContext.c,Dolphin.a,false
OSSaveContext,OSContext.c,Dolphin.a,false
OSLoadContext,OSContext.c,Dolphin.a,false
OSGetStackPointer,OSContext.c,Dolphin.a,false
OSClearContext,OSContext.c,Dolphin.a,false
OSInitContext,OSContext.c,Dolphin.a,false
OSDumpContext,OSContext.c,Dolphin.a,false
OSSwitchFPUContext,OSContext.c,Dolphin.a,false
__OSContextInit,OSContext.c,Dolphin.a,false
OSFillFPUContext,OSContext.c,Dolphin.a,false
OSReport,OSError.c,Dolphin.a,false
OSPanic,OSError.c,Dolphin.a,false
OSSetErrorHandler,OSError.c,Dolphin.a,false
__OSUnhandledException,OSError.c,Dolphin.a,false
OSGetFontEncode,OSFont.c,Dolphin.a,false
OSDisableInterrupts,OSInterrupt.c,Dolphin.a,false
OSEnableInterrupts,OSInterrupt.c,Dolphin.a,false
OSRestoreInterrupts,OSInterrupt.c,Dolphin.a,false
__OSSetInterruptHandler,OSInterrupt.c,Dolphin.a,false
__OSGetInterruptHandler,OSInterrupt.c,Dolphin.a,false
__OSInterruptInit,OSInterrupt.c,Dolphin.a,false
SetInterruptMask,OSInterrupt.c,Dolphin.a,false
__OSMaskInterrupts,OSInterrupt.c,Dolphin.a,false
__OSUnmaskInterrupts,OSInterrupt.c,Dolphin.a,false
__OSDispatchInterrupt,OSInterrupt.c,Dolphin.a,false
ExternalInterruptHandler,OSInterrupt.c,Dolphin.a,false
__OSModuleInit,OSLink.c,Dolphin.a,false
OSInitMessageQueue,OSMessage.c,Dolphin.a,false
OSSendMessage,OSMessage.c,Dolphin.a,false
OSReceiveMessage,OSMessage.c,Dolphin.a,false
OSJamMessage,OSMessage.c,Dolphin.a,false
OSGetPhysicalMemSize,OSMemory.c,Dolphin.a,false
OSGetConsoleSimulatedMemSize,OSMemory.c,Dolphin.a,false
OnReset,OSMemory.c,Dolphin.a,false
MEMIntrruptHandler,OSMemory.c,Dolphin.a,false
OSProtectRange,OSMemory.c,Dolphin.a,false
Config24MB,OSMemory.c,Dolphin.a,false
Config48MB,OSMemory.c,Dolphin.a,false
RealMode,OSMemory.c,Dolphin.a,false
__OSInitMemoryProtection,OSMemory.c,Dolphin.a,false
OSInitMutex,OSMutex.c,Dolphin.a,false
OSLockMutex,OSMutex.c,Dolphin.a,false
OSUnlockMutex,OSMutex.c,Dolphin.a,false
__OSUnlockAllMutex,OSMutex.c,Dolphin.a,false
Run,OSReboot.c,Dolphin.a,false
Callback,OSReboot.c,Dolphin.a,false
__OSReboot,OSReboot.c,Dolphin.a,false
OSRegisterResetFunction,OSReset.c,Dolphin.a,false
Reset,OSReset.c,Dolphin.a,false
__OSDoHotReset,OSReset.c,Dolphin.a,false
OSResetSystem,OSReset.c,Dolphin.a,false
OSGetResetCode,OSReset.c,Dolphin.a,false
__OSResetSWInterruptHandler,OSResetSW.c,Dolphin.a,false
OSGetResetButtonState,OSResetSW.c,Dolphin.a,false
OSGetResetSwitchState,OSResetSW.c,Dolphin.a,false
WriteSramCallback,OSRtc.c,Dolphin.a,false
WriteSram,OSRtc.c,Dolphin.a,false
__OSInitSram,OSRtc.c,Dolphin.a,false
__OSLockSram,OSRtc.c,Dolphin.a,false
__OSLockSramEx,OSRtc.c,Dolphin.a,false
UnlockSram,OSRtc.c,Dolphin.a,false
__OSUnlockSram,OSRtc.c,Dolphin.a,false
__OSUnlockSramEx,OSRtc.c,Dolphin.a,false
__OSSyncSram,OSRtc.c,Dolphin.a,false
OSGetSoundMode,OSRtc.c,Dolphin.a,false
OSSetSoundMode,OSRtc.c,Dolphin.a,false
OSGetProgressiveMode,OSRtc.c,Dolphin.a,false
OSSetProgressiveMode,OSRtc.c,Dolphin.a,false
OSGetWirelessID,OSRtc.c,Dolphin.a,false
OSSetWirelessID,OSRtc.c,Dolphin.a,false
OSGetGbsMode,OSRtc.c,Dolphin.a,false
OSSetGbsMode,OSRtc.c,Dolphin.a,false
SystemCallVector,OSSync.c,Dolphin.a,false
__OSInitSystemCall,OSSync.c,Dolphin.a,false
DefaultSwitchThreadCallback,OSThread.c,Dolphin.a,false
__OSThreadInit,OSThread.c,Dolphin.a,false
OSInitThreadQueue,OSThread.c,Dolphin.a,false
OSGetCurrentThread,OSThread.c,Dolphin.a,false
OSIsThreadTerminated,OSThread.c,Dolphin.a,false
OSDisableScheduler,OSThread.c,Dolphin.a,false
OSEnableScheduler,OSThread.c,Dolphin.a,false
UnsetRun,OSThread.c,Dolphin.a,false
__OSGetEffectivePriority,OSThread.c,Dolphin.a,false
SetEffectivePriority,OSThread.c,Dolphin.a,false
__OSPromoteThread,OSThread.c,Dolphin.a,false
SelectThread,OSThread.c,Dolphin.a,false
__OSReschedule,OSThread.c,Dolphin.a,false
OSYieldThread,OSThread.c,Dolphin.a,false
OSCreateThread,OSThread.c,Dolphin.a,false
OSExitThread,OSThread.c,Dolphin.a,false
OSCancelThread,OSThread.c,Dolphin.a,false
OSDetachThread,OSThread.c,Dolphin.a,false
OSResumeThread,OSThread.c,Dolphin.a,false
OSSuspendThread,OSThread.c,Dolphin.a,false
OSSleepThread,OSThread.c,Dolphin.a,false
OSWakeupThread,OSThread.c,Dolphin.a,false
OSClearStack,OSThread.c,Dolphin.a,false
OSGetTime,OSTime.c,Dolphin.a,false
OSGetTick,OSTime.c,Dolphin.a,false
__OSGetSystemTime,OSTime.c,Dolphin.a,false
__OSTimeToSystemTime,OSTime.c,Dolphin.a,false
GetDates,OSTime.c,Dolphin.a,false
OSTicksToCalendarTime,OSTime.c,Dolphin.a,false
__init_user,__ppc_eabi_init.o,Dolphin.a,false
__init_cpp,__ppc_eabi_init.o,Dolphin.a,false
_ExitProcess,__ppc_eabi_init.o,Dolphin.a,false
ClampStick,Padclamp.c,Dolphin.a,false
ClampCircle,Padclamp.c,Dolphin.a,false
PADClamp,Padclamp.c,Dolphin.a,false
PADClampCircle,Padclamp.c,Dolphin.a,false
UpdateOrigin,Pad.c,Dolphin.a,false
PADOriginCallback,Pad.c,Dolphin.a,false
PADOriginUpdateCallback,Pad.c,Dolphin.a,false
PADProbeCallback,Pad.c,Dolphin.a,false
PADTypeAndStatusCallback,Pad.c,Dolphin.a,false
PADReceiveCheckCallback,Pad.c,Dolphin.a,false
PADReset,Pad.c,Dolphin.a,false
PADRecalibrate,Pad.c,Dolphin.a,false
PADInit,Pad.c,Dolphin.a,false
PADRead,Pad.c,Dolphin.a,false
PADControlMotor,Pad.c,Dolphin.a,false
PADSetSpec,Pad.c,Dolphin.a,false
SPEC0_MakeStatus,Pad.c,Dolphin.a,false
SPEC1_MakeStatus,Pad.c,Dolphin.a,false
SPEC2_MakeStatus,Pad.c,Dolphin.a,false
PADSetAnalogMode,Pad.c,Dolphin.a,false
OnReset,Pad.c,Dolphin.a,false
SamplingHandler,Pad.c,Dolphin.a,false
PADSetSamplingCallback,Pad.c,Dolphin.a,false
__PADDisableRecalibration,Pad.c,Dolphin.a,false
SIBusy,SIBios.c,Dolphin.a,false
SIIsChanBusy,SIBios.c,Dolphin.a,false
CompleteTransfer,SIBios.c,Dolphin.a,false
SIInterruptHandler,SIBios.c,Dolphin.a,false
SIEnablePollingInterrupt,SIBios.c,Dolphin.a,false
SIRegisterPollingHandler,SIBios.c,Dolphin.a,false
SIUnregisterPollingHandler,SIBios.c,Dolphin.a,false
SIInit,SIBios.c,Dolphin.a,false
__SITransfer,SIBios.c,Dolphin.a,false
SIGetStatus,SIBios.c,Dolphin.a,false
SISetCommand,SIBios.c,Dolphin.a,false
SITransferCommands,SIBios.c,Dolphin.a,false
SISetXY,SIBios.c,Dolphin.a,false
SIEnablePolling,SIBios.c,Dolphin.a,false
SIDisablePolling,SIBios.c,Dolphin.a,false
SIGetResponseRaw,SIBios.c,Dolphin.a,false
SIGetResponse,SIBios.c,Dolphin.a,false
AlarmHandler,SIBios.c,Dolphin.a,false
SITransfer,SIBios.c,Dolphin.a,false
GetTypeCallback,SIBios.c,Dolphin.a,false
SIGetType,SIBios.c,Dolphin.a,false
SIGetTypeAsync,SIBios.c,Dolphin.a,false
SIDecodeType,SIBios.c,Dolphin.a,false
SIProbe,SIBios.c,Dolphin.a,false
SISetSamplingRate,SISamplingRate.c,Dolphin.a,false
SIRefreshSamplingRate,SISamplingRate.c,Dolphin.a,false
DefaultCallback,SISteering.c,Dolphin.a,false
ResetProc,SISteering.c,Dolphin.a,false
SIResetSteeringAsync,SISteering.c,Dolphin.a,false
__SISteeringHandler,SISteeringXfer.c,Dolphin.a,false
TypeAndStatusCallback,SISteeringXfer.c,Dolphin.a,false
__SISteeringTransfer,SISteeringXfer.c,Dolphin.a,false
__SISteeringEnable,SISteeringAuto.c,Dolphin.a,false
SIReadSteering,SISteeringAuto.c,Dolphin.a,false
SamplingHandler,SISteeringAuto.c,Dolphin.a,false
SISetSteeringSamplingCallback,SISteeringAuto.c,Dolphin.a,false
SIControlSteering,SISteeringAuto.c,Dolphin.a,false
DBInit,db.c,Dolphin.a,false
__DBExceptionDestinationAux,db.c,Dolphin.a,false
__DBExceptionDestination,db.c,Dolphin.a,false
__DBIsExceptionMarked,db.c,Dolphin.a,false
DBPrintf,db.c,Dolphin.a,false
THPVideoDecode,THPDec.c,Dolphin.a,false
__THPSetupBuffers,THPDec.c,Dolphin.a,false
__THPReadFrameHeader,THPDec.c,Dolphin.a,false
__THPReadScaneHeader,THPDec.c,Dolphin.a,false
__THPReadQuantizationTable,THPDec.c,Dolphin.a,false
__THPReadHuffmanTableSpecification,THPDec.c,Dolphin.a,false
__THPHuffGenerateSizeTable,THPDec.c,Dolphin.a,false
__THPHuffGenerateCodeTable,THPDec.c,Dolphin.a,false
__THPHuffGenerateDecoderTables,THPDec.c,Dolphin.a,false
__THPRestartDefinition,THPDec.c,Dolphin.a,false
__THPPrepBitStream,THPDec.c,Dolphin.a,false
__THPDecompressYUV,THPDec.c,Dolphin.a,false
__THPDecompressiMCURow512x448,THPDec.c,Dolphin.a,false
__THPDecompressiMCURow640x480,THPDec.c,Dolphin.a,false
__THPDecompressiMCURowNxN,THPDec.c,Dolphin.a,false
__THPHuffDecodeDCTCompY,THPDec.c,Dolphin.a,false
__THPHuffDecodeDCTCompU,THPDec.c,Dolphin.a,false
__THPHuffDecodeDCTCompV,THPDec.c,Dolphin.a,false
THPInit,THPDec.c,Dolphin.a,false
THPAudioDecode,THPAudio.c,Dolphin.a,false
__THPAudioGetNewSample,THPAudio.c,Dolphin.a,false
__THPAudioInitialize,THPAudio.c,Dolphin.a,false
SteeringResetCallback,allsrc.c,Dolphin.a,false
HandlePedals,allsrc.c,Dolphin.a,false
HandleTriggers,allsrc.c,Dolphin.a,false
CookValues,allsrc.c,Dolphin.a,false
SteeringSamplingCallback,allsrc.c,Dolphin.a,false
InitDevice,allsrc.c,Dolphin.a,false
LGInit,allsrc.c,Dolphin.a,false
LGOpen,allsrc.c,Dolphin.a,false
LGClose,allsrc.c,Dolphin.a,false
LGRead,allsrc.c,Dolphin.a,false
LGDownloadForceEffect,allsrc.c,Dolphin.a,false
LGUpdateForceEffect,allsrc.c,Dolphin.a,false
LGStartForceEffect,allsrc.c,Dolphin.a,false
LGStopForceEffect,allsrc.c,Dolphin.a,false
LGDestroyForceEffect,allsrc.c,Dolphin.a,false
VDevice_Init,allsrc.c,Dolphin.a,false
VDevice_RecalcGammaTable,allsrc.c,Dolphin.a,false
VDevice_DownloadEffect,allsrc.c,Dolphin.a,false
VDevice_UpdateEffect,allsrc.c,Dolphin.a,false
VDevice_DestroyEffect,allsrc.c,Dolphin.a,false
VDevice_StartEffect,allsrc.c,Dolphin.a,false
VDevice_StopEffect,allsrc.c,Dolphin.a,false
VDevice_Initialize,allsrc.c,Dolphin.a,false
VDevice_Shutdown,allsrc.c,Dolphin.a,false
VDevice_GetFreeEffect,allsrc.c,Dolphin.a,false
Effect_Init,allsrc.c,Dolphin.a,false
Effect_UpdateEffect,allsrc.c,Dolphin.a,false
Effect_StartEffect,allsrc.c,Dolphin.a,false
Effect_StopEffect,allsrc.c,Dolphin.a,false
Effect_Update,allsrc.c,Dolphin.a,false
Effect_PerformEnvelope,allsrc.c,Dolphin.a,false
Effect_PolarToRect,allsrc.c,Dolphin.a,false
Effect_UpdateSpring,allsrc.c,Dolphin.a,false
Effect_UpdateDamper,allsrc.c,Dolphin.a,false
SimThread_Init,allsrc.c,Dolphin.a,false
SimThread_Step,allsrc.c,Dolphin.a,false
UPnPGetHostAddr,UPnP.c,Dolphin.a,false
UPnPGetNetmask,UPnP.c,Dolphin.a,false
__HTTPGetHeader,UPnPHttp.c,Dolphin.a,false
__HTTPGetVersion,UPnPHttp.c,Dolphin.a,false
__HTTPGetParameter,UPnPHttp.c,Dolphin.a,false
HTTPGetProtocol,UPnPHttp.c,Dolphin.a,false
HTTPGetMethod,UPnPHttp.c,Dolphin.a,false
HTTPGetRequestURI,UPnPHttp.c,Dolphin.a,false
HTTPGetHeader,UPnPHttp.c,Dolphin.a,false
HTTPGetParameter,UPnPHttp.c,Dolphin.a,false
HTTPGetStatus,UPnPHttp.c,Dolphin.a,false
HTTPAddHeader,UPnPHttp.c,Dolphin.a,false
HTTPCreateRequest,UPnPHttp.c,Dolphin.a,false
HTTPCreateResponse,UPnPHttp.c,Dolphin.a,false
SendNotify,UPnPSsdp.c,Dolphin.a,false
SendOk,UPnPSsdp.c,Dolphin.a,false
DoRequest,UPnPSsdp.c,Dolphin.a,false
DoResponse,UPnPSsdp.c,Dolphin.a,false
SSDPLoop,UPnPSsdp.c,Dolphin.a,false
SSDPMain,UPnPSsdp.c,Dolphin.a,false
SSDPInit,UPnPSsdp.c,Dolphin.a,false
SSDPStart,UPnPSsdp.c,Dolphin.a,false
SSDPStop,UPnPSsdp.c,Dolphin.a,false
SSDPGetState,UPnPSsdp.c,Dolphin.a,false
SSDPSearch,UPnPSsdp.c,Dolphin.a,false
SendSearch,UPnPSsdp.c,Dolphin.a,false
ProcessSearchList,UPnPSsdp.c,Dolphin.a,false
ClearSearchList,UPnPSsdp.c,Dolphin.a,false
SSDPGetServerName,UPnPSsdp.c,Dolphin.a,false
SSDPGetCacheControlMaxAge,UPnPSsdp.c,Dolphin.a,false
UPnPGetUuidString,UPnPUuid.c,Dolphin.a,false
UPnPScanUuid,UPnPUuid.c,Dolphin.a,false
UPnPCreateUuidFromName,UPnPUuid.c,Dolphin.a,false
UPnPReplaceEscaped,UPnPUri.c,Dolphin.a,false
UPnPRemoveSemicolon,UPnPUri.c,Dolphin.a,false
GoUpper,UPnPUri.c,Dolphin.a,false
UPnPRemoveDots,UPnPUri.c,Dolphin.a,false
GetRequestedFile,UPnPHttpd.c,Dolphin.a,false
CheckMethod,UPnPHttpd.c,Dolphin.a,false
ReadHttpHeader,UPnPHttpd.c,Dolphin.a,false
SendResponse,UPnPHttpd.c,Dolphin.a,false
HTTPLoop,UPnPHttpd.c,Dolphin.a,false
HTTPMain,UPnPHttpd.c,Dolphin.a,false
UPnPHttpInit,UPnPHttpd.c,Dolphin.a,false
UPnPHttpStart,UPnPHttpd.c,Dolphin.a,false
GetStatusString,UPnPHttpdResponse.c,Dolphin.a,false
compare,UPnPHttpdResponse.c,Dolphin.a,false
SendResponseOK,UPnPHttpdResponse.c,Dolphin.a,false
SendResponseStatus,UPnPHttpdResponse.c,Dolphin.a,false
__va_arg,__va_arg.c,Dolphin.a,false
__destroy_global_chain,global_destructor_chain.c,Dolphin.a,false
__register_global_object,global_destructor_chain.c,Dolphin.a,false
__copy,CPlusLibPPC.cp,Dolphin.a,false
__destroy_new_array,NMWException.cp,Dolphin.a,false
__destroy_arr,NMWException.cp,Dolphin.a,false
__construct_array,NMWException.cp,Dolphin.a,false
__dt__26__partial_array_destructorFv,NMWException.cp,Dolphin.a,false
__construct_new_array,NMWException.cp,Dolphin.a,false
__ptmf_test,ptmf.c,Dolphin.a,false
__ptmf_scall,ptmf.c,Dolphin.a,false
__ptmf_scall4,ptmf.c,Dolphin.a,false
__cvt_fp2unsigned,runtime.c,Dolphin.a,false
__save_fpr,runtime.c,Dolphin.a,false
__restore_fpr,runtime.c,Dolphin.a,false
__save_gpr,runtime.c,Dolphin.a,false
__restore_gpr,runtime.c,Dolphin.a,false
__div2u,runtime.c,Dolphin.a,false
__div2i,runtime.c,Dolphin.a,false
__mod2u,runtime.c,Dolphin.a,false
__mod2i,runtime.c,Dolphin.a,false
__shl2i,runtime.c,Dolphin.a,false
__shr2u,runtime.c,Dolphin.a,false
__shr2i,runtime.c,Dolphin.a,false
__cvt_dbl_usll,runtime.c,Dolphin.a,false
GetR2__Fv,__init_cpp_exceptions.o,Dolphin.a,false
__fini_cpp_exceptions,__init_cpp_exceptions.o,Dolphin.a,false
__init_cpp_exceptions,__init_cpp_exceptions.o,Dolphin.a,false
__unregister_fragment,Gecko_ExceptionPPC.cp,Dolphin.a,false
__register_fragment,Gecko_ExceptionPPC.cp,Dolphin.a,false
__sys_free,GCN_mem_alloc.c,Dolphin.a,false
__exit,abort_exit.c,Dolphin.a,false
exit,abort_exit.c,Dolphin.a,false
abort,abort_exit.c,Dolphin.a,false
free,alloc.c,Dolphin.a,false
__pool_free,alloc.c,Dolphin.a,false
deallocate_from_fixed_pools,alloc.c,Dolphin.a,false
get_malloc_pool,alloc.c,Dolphin.a,false
__init_pool_obj,alloc.c,Dolphin.a,false
deallocate_from_var_pools,alloc.c,Dolphin.a,false
__unlink,alloc.c,Dolphin.a,false
SubBlock_merge_next,alloc.c,Dolphin.a,false
SubBlock_merge_prev,alloc.c,Dolphin.a,false
Block_link,alloc.c,Dolphin.a,false
__flush_all,ansi_files.c,Dolphin.a,false
__close_all,ansi_files.c,Dolphin.a,false
__dec2num,ansi_fp.c,Dolphin.a,false
__num2dec,ansi_fp.c,Dolphin.a,false
__num2dec_internal,ansi_fp.c,Dolphin.a,false
__minus_dec,ansi_fp.c,Dolphin.a,false
__less_dec,ansi_fp.c,Dolphin.a,false
__equals_dec,ansi_fp.c,Dolphin.a,false
__two_exp,ansi_fp.c,Dolphin.a,false
__str2dec,ansi_fp.c,Dolphin.a,false
__timesdec,ansi_fp.c,Dolphin.a,false
__ull2dec,ansi_fp.c,Dolphin.a,false
__rounddec,ansi_fp.c,Dolphin.a,false
__dorounddecup,ansi_fp.c,Dolphin.a,false
__must_round,ansi_fp.c,Dolphin.a,false
__count_trailing_zero,ansi_fp.c,Dolphin.a,false
__count_trailing_zerol,ansi_fp.c,Dolphin.a,false
abs,arith.c,Dolphin.a,false
bsearch,bsearch.c,Dolphin.a,false
__flush_buffer,buffer_io.c,Dolphin.a,false
__prep_buffer,buffer_io.c,Dolphin.a,false
__convert_from_newlines,buffer_io.c,Dolphin.a,false
__end_critical_region,critical_regions.gamecube.c,Dolphin.a,false
__begin_critical_region,critical_regions.gamecube.c,Dolphin.a,false
__kill_critical_regions,critical_regions.gamecube.c,Dolphin.a,false
toupper,ctype.c,Dolphin.a,false
tolower,ctype.c,Dolphin.a,false
isxdigit,ctype.c,Dolphin.a,false
isupper,ctype.c,Dolphin.a,false
isspace,ctype.c,Dolphin.a,false
isdigit,ctype.c,Dolphin.a,false
isalpha,ctype.c,Dolphin.a,false
__fwrite,direct_io.c,Dolphin.a,false
fwrite,direct_io.c,Dolphin.a,false
__msl_strnicmp,file_io.c,Dolphin.a,false
fflush,file_io.c,Dolphin.a,false
fclose,file_io.c,Dolphin.a,false
fseek,FILE_POS.C,Dolphin.a,false
_fseek,FILE_POS.C,Dolphin.a,false
ftell,FILE_POS.C,Dolphin.a,false
_ftell,FILE_POS.C,Dolphin.a,false
wcstombs,mbstring.c,Dolphin.a,false
wctomb,mbstring.c,Dolphin.a,false
unicode_to_UTF8,mbstring.c,Dolphin.a,false
mbtowc,mbstring.c,Dolphin.a,false
utf8_to_unicode,mbstring.c,Dolphin.a,false
is_utf8_complete,mbstring.c,Dolphin.a,false
memcmp,mem.c,Dolphin.a,false
__memrchr,mem.c,Dolphin.a,false
memchr,mem.c,Dolphin.a,false
memmove,mem.c,Dolphin.a,false
__copy_longs_rev_unaligned,mem_funcs.c,Dolphin.a,false
__copy_longs_unaligned,mem_funcs.c,Dolphin.a,false
__copy_longs_rev_aligned,mem_funcs.c,Dolphin.a,false
__copy_longs_aligned,mem_funcs.c,Dolphin.a,false
__stdio_atexit,misc_io.c,Dolphin.a,false
sprintf,printf.c,Dolphin.a,false
snprintf,printf.c,Dolphin.a,false
vsnprintf,printf.c,Dolphin.a,false
vprintf,printf.c,Dolphin.a,false
fprintf,printf.c,Dolphin.a,false
__StringWrite,printf.c,Dolphin.a,false
__FileWrite,printf.c,Dolphin.a,false
__pformatter,printf.c,Dolphin.a,false
float2str,printf.c,Dolphin.a,false
round_decimal,printf.c,Dolphin.a,false
double2hex,printf.c,Dolphin.a,false
longlong2str,printf.c,Dolphin.a,false
long2str,printf.c,Dolphin.a,false
parse_format,printf.c,Dolphin.a,false
sscanf,scanf.c,Dolphin.a,false
vsscanf,scanf.c,Dolphin.a,false
__StringRead,scanf.c,Dolphin.a,false
__sformatter,scanf.c,Dolphin.a,false
parse_format,scanf.c,Dolphin.a,false
raise,signal.c,Dolphin.a,false
strstr,string.c,Dolphin.a,false
strrchr,string.c,Dolphin.a,false
strchr,string.c,Dolphin.a,false
strncmp,string.c,Dolphin.a,false
strcmp,string.c,Dolphin.a,false
strcat,string.c,Dolphin.a,false
strncpy,string.c,Dolphin.a,false
strcpy,string.c,Dolphin.a,false
strlen,string.c,Dolphin.a,false
__strtold,strtold.c,Dolphin.a,false
fabs,strtold.c,Dolphin.a,false
strtol,strtoul.c,Dolphin.a,false
strtoul,strtoul.c,Dolphin.a,false
__strtoull,strtoul.c,Dolphin.a,false
__strtoul,strtoul.c,Dolphin.a,false
fwide,wchar_io.c,Dolphin.a,false
__init_uart_console,uart_console_io_gcn.c,Dolphin.a,false
__close_console,uart_console_io_gcn.c,Dolphin.a,false
__write_console,uart_console_io_gcn.c,Dolphin.a,false
__ieee754_asin,e_asin.c,Dolphin.a,false
__ieee754_atan2,e_atan2.c,Dolphin.a,false
__ieee754_exp,e_exp.c,Dolphin.a,false
__ieee754_pow,e_pow.c,Dolphin.a,false
__ieee754_rem_pio2,e_rem_pio2.c,Dolphin.a,false
__kernel_cos,k_cos.c,Dolphin.a,false
__kernel_rem_pio2,k_rem_pio2.c,Dolphin.a,false
__kernel_sin,k_sin.c,Dolphin.a,false
__kernel_tan,k_tan.c,Dolphin.a,false
atan,s_atan.c,Dolphin.a,false
ceil,s_ceil.c,Dolphin.a,false
copysign,s_copysign.c,Dolphin.a,false
cos,s_cos.c,Dolphin.a,false
floor,s_floor.c,Dolphin.a,false
frexp,s_frexp.c,Dolphin.a,false
ldexp,s_ldexp.c,Dolphin.a,false
modf,s_modf.c,Dolphin.a,false
sin,s_sin.c,Dolphin.a,false
tan,s_tan.c,Dolphin.a,false
asin,w_asin.c,Dolphin.a,false
atan2,w_atan2.c,Dolphin.a,false
exp,w_exp.c,Dolphin.a,false
pow,w_pow.c,Dolphin.a,false
__ieee754_sqrt,e_sqrt.c,Dolphin.a,false
tanf,math_ppc.c,Dolphin.a,false
sinf,math_ppc.c,Dolphin.a,false
cosf,math_ppc.c,Dolphin.a,false
__fpclassifyd,math_ppc.c,Dolphin.a,false
__fpclassifyf,math_ppc.c,Dolphin.a,false
sqrt,w_sqrt.c,Dolphin.a,false
strnicmp,extras.c,Dolphin.a,false
stricmp,extras.c,Dolphin.a,false
TRKNubMainLoop,mainloop.c,Dolphin.a,false
TRKDestructEvent,nubevent.c,Dolphin.a,false
TRKConstructEvent,nubevent.c,Dolphin.a,false
TRKPostEvent,nubevent.c,Dolphin.a,false
TRKGetNextEvent,nubevent.c,Dolphin.a,false
TRKInitializeEventQueue,nubevent.c,Dolphin.a,false
TRKNubWelcome,nubinit.c,Dolphin.a,false
TRKTerminateNub,nubinit.c,Dolphin.a,false
TRKInitializeNub,nubinit.c,Dolphin.a,false
TRKMessageSend,msg.c,Dolphin.a,false
TRKReadBuffer_ui32,msgbuf.c,Dolphin.a,false
TRKReadBuffer_ui8,msgbuf.c,Dolphin.a,false
TRKReadBuffer1_ui64,msgbuf.c,Dolphin.a,false
TRKAppendBuffer_ui32,msgbuf.c,Dolphin.a,false
TRKAppendBuffer_ui8,msgbuf.c,Dolphin.a,false
TRKAppendBuffer1_ui64,msgbuf.c,Dolphin.a,false
TRKReadBuffer,msgbuf.c,Dolphin.a,false
TRKAppendBuffer,msgbuf.c,Dolphin.a,false
TRKSetBufferPosition,msgbuf.c,Dolphin.a,false
TRKResetBuffer,msgbuf.c,Dolphin.a,false
TRKReleaseBuffer,msgbuf.c,Dolphin.a,false
TRKGetBuffer,msgbuf.c,Dolphin.a,false
TRKGetFreeBuffer,msgbuf.c,Dolphin.a,false
TRKInitializeMessageBuffers,msgbuf.c,Dolphin.a,false
TRKTerminateSerialHandler,serpoll.c,Dolphin.a,false
TRKInitializeSerialHandler,serpoll.c,Dolphin.a,false
TRKProcessInput,serpoll.c,Dolphin.a,false
TRKGetInput,serpoll.c,Dolphin.a,false
TRKTestForPacket,serpoll.c,Dolphin.a,false
usr_put_initialize,usr_put.c,Dolphin.a,false
usr_puts_serial,usr_put.c,Dolphin.a,false
TRKDispatchMessage,dispatch.c,Dolphin.a,false
TRKInitializeDispatcher,dispatch.c,Dolphin.a,false
TRKDoSetOption,msghndlr.c,Dolphin.a,false
TRKDoStop,msghndlr.c,Dolphin.a,false
TRKDoStep,msghndlr.c,Dolphin.a,false
TRKDoContinue,msghndlr.c,Dolphin.a,false
TRKDoWriteRegisters,msghndlr.c,Dolphin.a,false
TRKDoReadRegisters,msghndlr.c,Dolphin.a,false
TRKDoWriteMemory,msghndlr.c,Dolphin.a,false
TRKDoReadMemory,msghndlr.c,Dolphin.a,false
TRKDoSupportMask,msghndlr.c,Dolphin.a,false
TRKDoVersions,msghndlr.c,Dolphin.a,false
TRKDoOverride,msghndlr.c,Dolphin.a,false
TRKDoReset,msghndlr.c,Dolphin.a,false
TRKDoDisconnect,msghndlr.c,Dolphin.a,false
TRKDoConnect,msghndlr.c,Dolphin.a,false
SetTRKConnected,msghndlr.c,Dolphin.a,false
GetTRKConnected,msghndlr.c,Dolphin.a,false
OutputData,msghndlr.c,Dolphin.a,false
HandlePositionFileSupportRequest,support.c,Dolphin.a,false
HandleCloseFileSupportRequest,support.c,Dolphin.a,false
HandleOpenFileSupportRequest,support.c,Dolphin.a,false
TRKRequestSend,support.c,Dolphin.a,false
TRKSuppAccessFile,support.c,Dolphin.a,false
TRKReleaseMutex,mutex_TRK.c,Dolphin.a,false
TRKAcquireMutex,mutex_TRK.c,Dolphin.a,false
TRKInitializeMutex,mutex_TRK.c,Dolphin.a,false
TRKDoNotifyStopped,notify.c,Dolphin.a,false
TRK_flush_cache,flush_cache.c,Dolphin.a,false
TRK_fill_mem,mem_TRK.c,Dolphin.a,false
__TRK_get_MSR,targimpl.c,Dolphin.a,false
__TRK_set_MSR,targimpl.c,Dolphin.a,false
TRK_ppc_memcpy,targimpl.c,Dolphin.a,false
TRKInterruptHandler,targimpl.c,Dolphin.a,false
TRKExceptionHandler,targimpl.c,Dolphin.a,false
TRKSwapAndGo,targimpl.c,Dolphin.a,false
TRKInterruptHandlerEnableInterrupts,targimpl.c,Dolphin.a,false
ReadFPSCR,targimpl.c,Dolphin.a,false
WriteFPSCR,targimpl.c,Dolphin.a,false
TRKTargetSetInputPendingPtr,targimpl.c,Dolphin.a,false
TRKTargetStop,targimpl.c,Dolphin.a,false
TRKTargetSetStopped,targimpl.c,Dolphin.a,false
TRKTargetStopped,targimpl.c,Dolphin.a,false
TRKTargetSupportRequest,targimpl.c,Dolphin.a,false
TRKTargetGetPC,targimpl.c,Dolphin.a,false
TRKTargetStepOutOfRange,targimpl.c,Dolphin.a,false
TRKTargetSingleStep,targimpl.c,Dolphin.a,false
TRKTargetAddExceptionInfo,targimpl.c,Dolphin.a,false
TRKTargetAddStopInfo,targimpl.c,Dolphin.a,false
TRKTargetInterrupt,targimpl.c,Dolphin.a,false
TRKPostInterruptEvent,targimpl.c,Dolphin.a,false
TRKTargetAccessExtended2,targimpl.c,Dolphin.a,false
TRKTargetAccessExtended1,targimpl.c,Dolphin.a,false
TRKTargetAccessFP,targimpl.c,Dolphin.a,false
TRKTargetAccessDefault,targimpl.c,Dolphin.a,false
TRKTargetReadInstruction,targimpl.c,Dolphin.a,false
TRKTargetAccessMemory,targimpl.c,Dolphin.a,false
TRKValidMemory32,targimpl.c,Dolphin.a,false
TRKSaveExtended1Block,mpc_7xx_603e.c,Dolphin.a,false
TRKRestoreExtended1Block,mpc_7xx_603e.c,Dolphin.a,false
InitMetroTRK,dolphin_trk.c,Dolphin.a,false
InitMetroTRK_BBA,dolphin_trk.c,Dolphin.a,false
TRKInitializeTarget,dolphin_trk.c,Dolphin.a,false
__TRK_copy_vectors,dolphin_trk.c,Dolphin.a,false
TRKTargetTranslate,dolphin_trk.c,Dolphin.a,false
EnableMetroTRKInterrupts,dolphin_trk.c,Dolphin.a,false
TRK_main,main_TRK.c,Dolphin.a,false
TRKLoadContext,dolphin_trk_glue.c,Dolphin.a,false
TRKUARTInterruptHandler,dolphin_trk_glue.c,Dolphin.a,false
InitializeProgramEndTrap,dolphin_trk_glue.c,Dolphin.a,false
TRK_board_display,dolphin_trk_glue.c,Dolphin.a,false
UnreserveEXI2Port,dolphin_trk_glue.c,Dolphin.a,false
ReserveEXI2Port,dolphin_trk_glue.c,Dolphin.a,false
TRKWriteUARTN,dolphin_trk_glue.c,Dolphin.a,false
TRKReadUARTN,dolphin_trk_glue.c,Dolphin.a,false
TRKPollUART,dolphin_trk_glue.c,Dolphin.a,false
EnableEXI2Interrupts,dolphin_trk_glue.c,Dolphin.a,false
TRKInitializeIntDrivenUART,dolphin_trk_glue.c,Dolphin.a,false
InitMetroTRKCommTable,dolphin_trk_glue.c,Dolphin.a,false
TRKEXICallBack,dolphin_trk_glue.c,Dolphin.a,false
TRKTargetContinue,targcont.c,Dolphin.a,false
GetUseSerialIO,target_options.c,Dolphin.a,false
SetUseSerialIO,target_options.c,Dolphin.a,false
__TRK_write_console,mslsupp.c,Dolphin.a,false
__read_console,mslsupp.c,Dolphin.a,false
udp_cc_post_stop,UDP_Stubs.c,Dolphin.a,false
udp_cc_pre_continue,UDP_Stubs.c,Dolphin.a,false
udp_cc_peek,UDP_Stubs.c,Dolphin.a,false
udp_cc_write,UDP_Stubs.c,Dolphin.a,false
udp_cc_read,UDP_Stubs.c,Dolphin.a,false
udp_cc_close,UDP_Stubs.c,Dolphin.a,false
udp_cc_open,UDP_Stubs.c,Dolphin.a,false
udp_cc_shutdown,UDP_Stubs.c,Dolphin.a,false
udp_cc_initialize,UDP_Stubs.c,Dolphin.a,false
ddh_cc_initinterrupts,main.c,Dolphin.a,false
ddh_cc_peek,main.c,Dolphin.a,false
ddh_cc_post_stop,main.c,Dolphin.a,false
ddh_cc_pre_continue,main.c,Dolphin.a,false
ddh_cc_write,main.c,Dolphin.a,false
ddh_cc_read,main.c,Dolphin.a,false
ddh_cc_close,main.c,Dolphin.a,false
ddh_cc_open,main.c,Dolphin.a,false
ddh_cc_shutdown,main.c,Dolphin.a,false
ddh_cc_initialize,main.c,Dolphin.a,false
CircleBufferReadBytes,CircleBuffer.c,Dolphin.a,false
CircleBufferWriteBytes,CircleBuffer.c,Dolphin.a,false
CircleBufferInitialize,CircleBuffer.c,Dolphin.a,false
CBGetBytesAvailableForRead,CircleBuffer.c,Dolphin.a,false
gdev_cc_initinterrupts,main.c,Dolphin.a,false
gdev_cc_peek,main.c,Dolphin.a,false
gdev_cc_post_stop,main.c,Dolphin.a,false
gdev_cc_pre_continue,main.c,Dolphin.a,false
gdev_cc_write,main.c,Dolphin.a,false
gdev_cc_read,main.c,Dolphin.a,false
gdev_cc_close,main.c,Dolphin.a,false
gdev_cc_open,main.c,Dolphin.a,false
gdev_cc_shutdown,main.c,Dolphin.a,false
gdev_cc_initialize,main.c,Dolphin.a,false
MWTRACE,MWTrace.c,Dolphin.a,false
MWExitCriticalSection,MWCriticalSection_gc.o,Dolphin.a,false
MWEnterCriticalSection,MWCriticalSection_gc.o,Dolphin.a,false
MWInitializeCriticalSection,MWCriticalSection_gc.o,Dolphin.a,false
